id,name,type,categ_id,default_code,barcode,list_price,standard_price,weight,description,image_1920,image,Extra Product Media/Name
1,Seat Ibiza 1.9TDI | 1.8Fr | 1.8Cupra 6L – Lowering Springs – Front 45mm – Rear 45mm,GOODS,Lowering Springs,,,179.99,0,0.01,SEAT IBIZA 1.9TDI/1.8FR/1.8CUPRA - 6L - 04/2002 to 02/2008,https://www.gravityperformance.co.uk/wp-content/uploads/2022/10/Grav_Spring.jpg,https://www.gravityperformance.co.uk/wp-content/uploads/2022/10/Grav_Spring.jpg,Main Image
2,Toyota MR2 1.6 16V W1 – Lowering Springs – Front 35mm – Rear 35mm,GOODS,Lowering Springs,,,179.99,0,0.01,TOYOTA MR2 1.6 16V - W1 - 11/1984 to 06/1990,https://www.gravityperformance.co.uk/wp-content/uploads/2022/10/Grav_Spring.jpg,https://www.gravityperformance.co.uk/wp-content/uploads/2022/10/Grav_Spring.jpg,Main Image
3,Audi TT Quattro Coupe + Roadster 3.2 – Lowering Springs – Front 30mm – Rear 25mm,GOODS,Lowering Springs,,,199.99,0,0.01,Audi TT Quattro Coupe + Roadster 3.2 - 10/2006+,https://www.gravityperformance.co.uk/wp-content/uploads/2022/10/Grav_Spring.jpg,https://www.gravityperformance.co.uk/wp-content/uploads/2022/10/Grav_Spring.jpg,Main Image
4,Toyota GR Yaris 1.6 2020+ – Direnza Lowering Springs – Front: 30 / Rear: 30,GOODS,Lowering Springs,,,209.99,0,0.01,"A set of Front 30mm, Rear 30mm Gravity Performance Lowering Springs for the Toyota GR Yaris 1.6 2020+​ is one of the easiest ways to significantly improve the looks and handling characteristics of your car. A simple, but hugely effective modification. Lowering your vehicles ride height reduces weight transfer under hard acceleration and braking, whilst also reducing body roll and drastically improving your cars visual appeal. Better still, Direnza Performance Lowering Springs feature progressive rates, so you won't be forfeiting comfort in pursuit of performance. Direnza Performance Springs offer: Lower Centre of Gravity | Improved looks | Progressive Spring Rates | Corrosion Resistant Red Coating | Excellent Value for Money | 5-Year Warranty.",https://www.gravityperformance.co.uk/wp-content/uploads/2026/03/1-black-scaled.jpg,https://www.gravityperformance.co.uk/wp-content/uploads/2026/03/1-black-scaled.jpg,Main Image
5,,,,,,,,,,,https://www.gravityperformance.co.uk/wp-content/uploads/2026/03/2-black-scaled.jpg,Gallery Image 1
6,,,,,,,,,,,https://www.gravityperformance.co.uk/wp-content/uploads/2026/03/3-black-scaled.jpg,Gallery Image 2
7,VW Golf VII GTI/GTD Hatchback Au 04/2013- – Lowering Springs – Front: 25 / Rear: 25,GOODS,Lowering Springs,,,169.99,0,0.01,GOLF VII GTI/GTD HATCHBACK AU 04/2013-,https://www.gravityperformance.co.uk/wp-content/uploads/2022/10/Grav_Spring.jpg,https://www.gravityperformance.co.uk/wp-content/uploads/2022/10/Grav_Spring.jpg,Main Image
8,BMW 3 Series Touring 6Cyl E30 – 40mm Lowering Springs,GOODS,Lowering Springs,,,179.99,0,0.01,BMW 3 Touring 6CYL - E30 - 1988 to 04/1995,https://www.gravityperformance.co.uk/wp-content/uploads/2022/10/Grav_Spring.jpg,https://www.gravityperformance.co.uk/wp-content/uploads/2022/10/Grav_Spring.jpg,Main Image
9,BMW 5 Series Sedan 535I | 540I E34 – Lowering Springs – Front 50mm – Rear 35mm,GOODS,Lowering Springs,,,199.99,0,0.01,BMW 5H SEDAN 535i/540i - E34 - 01/1988 to 12/1995,https://www.gravityperformance.co.uk/wp-content/uploads/2022/10/Grav_Spring.jpg,https://www.gravityperformance.co.uk/wp-content/uploads/2022/10/Grav_Spring.jpg,Main Image
10,Alfa GT 3.2 V6 | 1.9Jtd 937 – 30mm Lowering Springs,GOODS,Lowering Springs,,,199.99,0,0.01,Alfa GT 3.2 V6/1.9jTD - 937 - 2004 to 01/2011,https://www.gravityperformance.co.uk/wp-content/uploads/2022/10/Grav_Spring.jpg,https://www.gravityperformance.co.uk/wp-content/uploads/2022/10/Grav_Spring.jpg,Main Image
11,VW Passat 2.0TDI 3C – Lowering Springs – Front 30mm – Rear 30mm,GOODS,Lowering Springs,,,179.99,0,0.01,VW PASSAT 2.0TDI - 3C - 2005 to 11/2010,https://www.gravityperformance.co.uk/wp-content/uploads/2022/10/Grav_Spring.jpg,https://www.gravityperformance.co.uk/wp-content/uploads/2022/10/Grav_Spring.jpg,Main Image
12,BMW Z4 Roadster 2.0 E85 – Lowering Springs – Front 30mm – Rear 30mm,GOODS,Lowering Springs,,,179.99,0,0.01,BMW Z4 ROADSTER 2.0 - Z85 - 2005 to 04/2009,https://www.gravityperformance.co.uk/wp-content/uploads/2022/10/Grav_Spring.jpg,https://www.gravityperformance.co.uk/wp-content/uploads/2022/10/Grav_Spring.jpg,Main Image
13,,,,,,,,,,,https://www.gravityperformance.co.uk/wp-content/uploads/2022/10/products-httpsi.ebayimg.comimagesgvboaaoswozpa30z4s-l1600.jpg,Gallery Image 1
14,Skoda Fabia + Station 1.4TDI | 1.9TDI 5J – Lowering Springs – Front 40mm – Rear 35mm,GOODS,Lowering Springs,,,169.99,0,0.01,SKODA FABIA + STATION 1.4TDI/1.9TDI - 5j - 2007 to 04/2010,https://www.gravityperformance.co.uk/wp-content/uploads/2022/10/Grav_Spring.jpg,https://www.gravityperformance.co.uk/wp-content/uploads/2022/10/Grav_Spring.jpg,Main Image
15,VW Polo 1.0(70PK) | 1.2 | 1.4 | 1.2Ts Manual Gear 6R – Lowering Springs – Front 35mm – Rear 40mm,GOODS,Lowering Springs,,,159.99,0,0.01,VW POLO 1.0(70PK)/1.2/1.4/1.2TS MANUAL GEAR - 6R - 06/2009+,https://www.gravityperformance.co.uk/wp-content/uploads/2022/10/Grav_Spring.jpg,https://www.gravityperformance.co.uk/wp-content/uploads/2022/10/Grav_Spring.jpg,Main Image
16,BMW 4 Series X-Drive 435I/440I/430D/435D Coupe F32 2013+ – Lowering Springs – Front: 30 / Rear: 25,GOODS,Lowering Springs,,,179.99,0,0.01,BMW 4 SERIES X-DRIVE 435i/440i/430D/435D COUPE F32 07/2013-,https://www.gravityperformance.co.uk/wp-content/uploads/2022/10/Grav_Spring.jpg,https://www.gravityperformance.co.uk/wp-content/uploads/2022/10/Grav_Spring.jpg,Main Image
17,Mini Cooper S R53 – Lowering Springs – Front 40mm – Rear 40mm,GOODS,Lowering Springs,,,169.99,0,0.01,MINI COOPER S - R53 - 03/2002 to 09/2006,https://www.gravityperformance.co.uk/wp-content/uploads/2022/10/Grav_Spring.jpg,https://www.gravityperformance.co.uk/wp-content/uploads/2022/10/Grav_Spring.jpg,Main Image
18,Volvo V40 T2 | T3 | T4 | D2 M – Lowering Springs – Front 25mm – Rear 35mm,GOODS,Lowering Springs,,,179.99,0,0.01,VOLVO V40 T2/T3/T4/D2 - M - 07/2012+,https://www.gravityperformance.co.uk/wp-content/uploads/2022/10/Grav_Spring.jpg,https://www.gravityperformance.co.uk/wp-content/uploads/2022/10/Grav_Spring.jpg,Main Image
19,Audi A3 1.4 TFSI | 1.8 TFSI | 2.0 FSI | 1.6 TDI | 1.9 TDI + Sportback 8P – 45mm Lowering Springs,GOODS,Lowering Springs,,,179.99,0,0.01,Audi A3 1.4TFSI/1.8TFSI/2.0FSI/1.6TDI/1.9TDI + SPORTBACK - 8P - 2003 to 09/2012,https://www.gravityperformance.co.uk/wp-content/uploads/2022/10/Grav_Spring.jpg,https://www.gravityperformance.co.uk/wp-content/uploads/2022/10/Grav_Spring.jpg,Main Image
20,BMW 5 Series Touring 520I | 523I | 525I | 530I E61 – Lowering Springs – Front 30mm,GOODS,Lowering Springs,,,139.99,0,0.01,BMW 5 TOURING 520i/523i/525i/530i - E61 - 06/2004 to 05/2010,https://www.gravityperformance.co.uk/wp-content/uploads/2022/10/Grav_Spring.jpg,https://www.gravityperformance.co.uk/wp-content/uploads/2022/10/Grav_Spring.jpg,Main Image
21,BMW 3 Touring 316I | 318I | 320I E91 – Lowering Springs – Front 30mm – Rear 20mm,GOODS,Lowering Springs,,,179.99,0,0.01,BMW 3 TOURING 316i/318i/320i - E90/E91 - 09/2005 to 10/2012,https://www.gravityperformance.co.uk/wp-content/uploads/2022/10/Grav_Spring.jpg,https://www.gravityperformance.co.uk/wp-content/uploads/2022/10/Grav_Spring.jpg,Main Image
22,Mercedes 190E-2.5 16V | 190D-2.5 Turbo W201 – Lowering Springs – Front 40mm – Rear 40mm,GOODS,Lowering Springs,,,229.99,0,0.01,190E-2.5 16V/190D-2.5 TURBO - W201 - 12/1982 to 05/1993,https://www.gravityperformance.co.uk/wp-content/uploads/2022/10/Grav_Spring.jpg,https://www.gravityperformance.co.uk/wp-content/uploads/2022/10/Grav_Spring.jpg,Main Image
23,Seat Ibiza 1.0 65PK/75PK/1.0MPI 80PK Hatchback Kj 2017+ – Lowering Springs – Front: 30 / Rear: 30,GOODS,Lowering Springs,,,119.99,0,0.01,SEAT IBIZA 1.0 65PK/75PK/1.0MPi 80PK HATCHBACK Kj 01/2017-,https://www.gravityperformance.co.uk/wp-content/uploads/2022/10/Grav_Spring.jpg,https://www.gravityperformance.co.uk/wp-content/uploads/2022/10/Grav_Spring.jpg,Main Image
24,Vauxhall Astra 3+5Dr. (Ids) + GTC 2.0T | 1.7CDTI | 1.9CDTI H – Lowering Springs – Front 30mm – Rear 30mm,GOODS,Lowering Springs,,,179.99,0,0.01,OPEL/ VAUXHALL ASTRA 3+5DR. (IDS) + GTC 2.0T/1.7CDTi/1.9CDTi - H - 2004 to 10/2009,https://www.gravityperformance.co.uk/wp-content/uploads/2022/10/Grav_Spring.jpg,https://www.gravityperformance.co.uk/wp-content/uploads/2022/10/Grav_Spring.jpg,Main Image
25,VW Golf IV 1.8 | 2.0 | 1.9SDi | 1.9TDI 90 | 100 | 110 | 130 No Aut. 1J – Lowering Springs – Front 30mm – Rear 30mm,GOODS,Lowering Springs,,,199.99,0,0.01,VW GOLF IV 1.8/2.0/1.9SDi/1.9TDI 90/100/110/130 no aut. - 1j - 10/1997 to 11/2003,https://www.gravityperformance.co.uk/wp-content/uploads/2022/10/Grav_Spring.jpg,https://www.gravityperformance.co.uk/wp-content/uploads/2022/10/Grav_Spring.jpg,Main Image
26,Mazda MX5 ND 1.5 2.0 2015+ 30mm Lowering Springs,GOODS,Lowering Springs,,,129.99,0,0.01,Mazda MX5 ND (MK4) 1.5 & 2.0 2015+ models,https://www.gravityperformance.co.uk/wp-content/uploads/2022/10/Grav_Spring.jpg,https://www.gravityperformance.co.uk/wp-content/uploads/2022/10/Grav_Spring.jpg,Main Image
27,BMW 5 Series 540i / 545i / 550i / 535D Sedan E60 2003-2010 – Lowering Springs – Front: 50 / Rear: 50,GOODS,Lowering Springs,,,199.99,0,0.01,BMW 5 SERIES 540i/545i/550i/535D SEDAN E60 07/2003-03/2010,https://www.gravityperformance.co.uk/wp-content/uploads/2022/10/Grav_Spring.jpg,https://www.gravityperformance.co.uk/wp-content/uploads/2022/10/Grav_Spring.jpg,Main Image
28,Audi A4 Sedan 1.8 TFSI | 2.0 TFSI | 2.0 TDI B8 – Lowering Springs – Front 40mm – Rear 35mm,GOODS,Lowering Springs,,,209.99,0,0.01,Audi A4 Sedan 1.8TFSI/2.0TFSI/2.0TDI - B8 - 11/2007+,https://www.gravityperformance.co.uk/wp-content/uploads/2022/10/Grav_Spring.jpg,https://www.gravityperformance.co.uk/wp-content/uploads/2022/10/Grav_Spring.jpg,Main Image
29,Alfa 159 1.9JTS | 2.2JTS | 1.9JTDM | 2.0JTDM | 1.8MPI | 1.8TBI 939 – Lowering Springs – Front 25mm Rear 20mm,GOODS,Lowering Springs,,,199.99,0,0.01,Alfa 159 1.9jTS/2.2jTS/1.9jTDM/2.0jTDM/1.8MPI/1.8TBI - 939 - 2005 to 10/2012,https://www.gravityperformance.co.uk/wp-content/uploads/2022/10/Grav_Spring.jpg,https://www.gravityperformance.co.uk/wp-content/uploads/2022/10/Grav_Spring.jpg,Main Image
30,Seat Leon 2.0TSI Cupra Hatchback+Sc 5F 2013+ – Lowering Springs – Front: 20 / Rear: 20,GOODS,Lowering Springs,,,179.99,0,0.01,SEAT LEON 2.0TSI CUPRA HATCHBACK+SC 5F 10/2013-,https://www.gravityperformance.co.uk/wp-content/uploads/2022/10/Grav_Spring.jpg,https://www.gravityperformance.co.uk/wp-content/uploads/2022/10/Grav_Spring.jpg,Main Image
31,Seat Ibiza 1.0TSI/1.5TSI Hatchback Kj 2017+ – Lowering Springs – Front: 45 / Rear: 45,GOODS,Lowering Springs,,,159.99,0,0.01,SEAT IBIZA 1.0TSI/1.5TSI HATCHBACK Kj 01/2017-,https://www.gravityperformance.co.uk/wp-content/uploads/2022/10/Grav_Spring.jpg,https://www.gravityperformance.co.uk/wp-content/uploads/2022/10/Grav_Spring.jpg,Main Image
32,Mercedes A Class A220 / A250 W177 2018+ – Lowering Springs – Front: 20 / Rear: 25,GOODS,Lowering Springs,,,169.99,0,0.01,MERCEDES BENZ A-CLASS A220/A250 W177 03/2018-,https://www.gravityperformance.co.uk/wp-content/uploads/2022/10/Grav_Spring.jpg,https://www.gravityperformance.co.uk/wp-content/uploads/2022/10/Grav_Spring.jpg,Main Image
33,BMW 1 Series 118i Hatchback F40 19-24 – Lowering Springs – Front: 30 / Rear: 25,GOODS,Lowering Springs,,,159.99,0,0.01,BMW 1 Series F40 118i M Sport 2019-2024,https://www.gravityperformance.co.uk/wp-content/uploads/2022/10/Grav_Spring.jpg,https://www.gravityperformance.co.uk/wp-content/uploads/2022/10/Grav_Spring.jpg,Main Image
34,BMW 5 Series 525D/530D/535I Sedan E60 2003-2010 – Lowering Springs – Front: 50 / Rear: 50,GOODS,Lowering Springs,,,199.99,0,0.01,"Fitment BMW 5 SERIES 525D/530D/535i SEDAN E60 07/2003-03/2010 Important Notes: j2,""",https://www.gravityperformance.co.uk/wp-content/uploads/2022/10/Grav_Spring.jpg,https://www.gravityperformance.co.uk/wp-content/uploads/2022/10/Grav_Spring.jpg,Main Image
35,BMW 2 Series 218I/220I Cabrio F23 2014+ – Lowering Springs – Front: 30 / Rear: 30,GOODS,Lowering Springs,,,169.99,0,0.01,BMW 2 SERIES 218i/220i CABRIO F23 03/2014-,https://www.gravityperformance.co.uk/wp-content/uploads/2022/10/Grav_Spring.jpg,https://www.gravityperformance.co.uk/wp-content/uploads/2022/10/Grav_Spring.jpg,Main Image
36,VW Jetta IV 2.0TSI | 1.6TDI | 2.0TDI 16 – Lowering Springs – Front 40mm – Rear 40mm,GOODS,Lowering Springs,,,179.99,0,0.01,VW jETTA IV 2.0TSI/1.6TDI/2.0TDI - 16 - 10/2010+,https://www.gravityperformance.co.uk/wp-content/uploads/2022/10/Grav_Spring.jpg,https://www.gravityperformance.co.uk/wp-content/uploads/2022/10/Grav_Spring.jpg,Main Image
37,VW Polo 1.0(70PK) | 1.2 | 1.4 | 1.2Ts Manual Gear 6R – Lowering Springs – Front 25mm – Rear 30mm,GOODS,Lowering Springs,,,159.99,0,0.01,VW POLO 1.0(70PK)/1.2/1.4/1.2TS MANUAL GEAR - 6R - 06/2009+,https://www.gravityperformance.co.uk/wp-content/uploads/2022/10/Grav_Spring.jpg,https://www.gravityperformance.co.uk/wp-content/uploads/2022/10/Grav_Spring.jpg,Main Image
38,BMW 5 Series 525D / 530D Touring E61 2004-2010 – Lowering Springs – Front: 50,GOODS,Lowering Springs,,,149.99,0,0.01,BMW 5 SERIES 525D/530D TOURING E61 06/2004-05/2010,https://www.gravityperformance.co.uk/wp-content/uploads/2022/10/Grav_Spring.jpg,https://www.gravityperformance.co.uk/wp-content/uploads/2022/10/Grav_Spring.jpg,Main Image
39,BMW M5 / M5 Competition Sedan F10 2011-2016 – Lowering Springs – Front: 30 / Rear: 20,GOODS,Lowering Springs,,,169.99,0,0.01,BMW M5 / M5 COMPETITION SEDAN F10 09/2011-10/2016,https://www.gravityperformance.co.uk/wp-content/uploads/2022/10/Grav_Spring.jpg,https://www.gravityperformance.co.uk/wp-content/uploads/2022/10/Grav_Spring.jpg,Main Image
40,VW Lupo 1.0 | 1.4 | 1.4Fsi 6X – Lowering Springs – Front 40mm – Rear 40mm,GOODS,Lowering Springs,,,159.99,0,0.01,Fitment VW LUPO 1.0/1.4/1.4FSI - 6X - 09/1998 to 06/2005,https://www.gravityperformance.co.uk/wp-content/uploads/2022/10/Grav_Spring.jpg,https://www.gravityperformance.co.uk/wp-content/uploads/2022/10/Grav_Spring.jpg,Main Image
41,BMW 5 Series F11 535 / 525D / 530D / 535D With Airsuspension Touring 2010-2017 – Lowering Springs – Front: 40,GOODS,Lowering Springs,,,139.99,0,0.01,BMW 5 SERIES 535/525D/530D/535D with airsuspension HA TOURING F11 06/2010-03/2017 Front Springs only: Lowering 40mm,https://www.gravityperformance.co.uk/wp-content/uploads/2022/10/Grav_Spring.jpg,https://www.gravityperformance.co.uk/wp-content/uploads/2022/10/Grav_Spring.jpg,Main Image
42,BMW 5 Series 520i / 523i / 525i / 528i / 530i / 520D Sedan E60 2003-2010 – Lowering Springs – Front: 50 / Rear: 50,GOODS,Lowering Springs,,,199.99,0,0.01,BMW 5 SERIES 520i/523i/525i/528i/530i/520D SEDAN E60 07/2003-03/2010,https://www.gravityperformance.co.uk/wp-content/uploads/2022/10/Grav_Spring.jpg,https://www.gravityperformance.co.uk/wp-content/uploads/2022/10/Grav_Spring.jpg,Main Image
43,BMW 4 Series 435I/430D Cabriolet F33 2013+ – Lowering Springs – Front: 35 / Rear: 30,GOODS,Lowering Springs,,,169.99,0,0.01,"Fitment BMW 4 SERIES 435i/430D CABRIOLET F33 10/2013- Important Notes: j2,""",https://www.gravityperformance.co.uk/wp-content/uploads/2022/10/Grav_Spring.jpg,https://www.gravityperformance.co.uk/wp-content/uploads/2022/10/Grav_Spring.jpg,Main Image
44,BMW 1 Series M135I X-Drive/M140I X-Drive Hatchback F20/F21 2012-2019 – Lowering Springs – Front: 25 / Rear: 30,GOODS,Lowering Springs,,,179.99,0,0.01,BMW M135i X-DRIVE/M140i X-DRIVE HATCHBACK F20/F21 02/2012-07/2019,https://www.gravityperformance.co.uk/wp-content/uploads/2022/10/Grav_Spring.jpg,https://www.gravityperformance.co.uk/wp-content/uploads/2022/10/Grav_Spring.jpg,Main Image
45,Volvo C30 2.4I | 2.0D | T5 | 3 | D4 | D5 M – Lowering Springs – Front 30mm – Rear 30mm,GOODS,Lowering Springs,,,169.99,0,0.01,VOLVO C30 2.4i/2.0D/T5/3/D4/D5 - M - 2006 to 2013,https://www.gravityperformance.co.uk/wp-content/uploads/2022/10/Grav_Spring.jpg,https://www.gravityperformance.co.uk/wp-content/uploads/2022/10/Grav_Spring.jpg,Main Image
46,Volvo C70 2.0D | | D3 | D4 | D5 C70 – Lowering Springs – Front 25mm – Rear 30mm,GOODS,Lowering Springs,,,179.99,0,0.01,VOLVO C70 2.0D//D3/D4/D5 - C70 - 03/2006+,https://www.gravityperformance.co.uk/wp-content/uploads/2022/10/Grav_Spring.jpg,https://www.gravityperformance.co.uk/wp-content/uploads/2022/10/Grav_Spring.jpg,Main Image
47,VW Polo 1.4TSI GTI 6R – Lowering Springs – Front 25mm – Rear 30mm,GOODS,Lowering Springs,,,159.99,0,0.01,VW POLO 1.4TSI GTI - 6R - 05/2010+,https://www.gravityperformance.co.uk/wp-content/uploads/2022/10/Grav_Spring.jpg,https://www.gravityperformance.co.uk/wp-content/uploads/2022/10/Grav_Spring.jpg,Main Image
48,VW New Beetle Cabriolet 1.6 1Y7 – Lowering Springs – Front 35mm – Rear 35mm,GOODS,Lowering Springs,,,199.99,0,0.01,VW NEW BEETLE CABRIOLET 1.6 - 1Y7 - 09/2002 to 10/2010,https://www.gravityperformance.co.uk/wp-content/uploads/2022/10/Grav_Spring.jpg,https://www.gravityperformance.co.uk/wp-content/uploads/2022/10/Grav_Spring.jpg,Main Image
49,VW Polo 1.0(70PK) | 1.2 | 1.4 | 1.2Ts Manual Gear 6R – Lowering Springs – Front 50mm – Rear 50mm,GOODS,Lowering Springs,,,159.99,0,0.01,VW POLO 1.0(70PK)/1.2/1.4/1.2TS MANUAL GEAR - 6R - 06/2009+,https://www.gravityperformance.co.uk/wp-content/uploads/2022/10/Grav_Spring.jpg,https://www.gravityperformance.co.uk/wp-content/uploads/2022/10/Grav_Spring.jpg,Main Image
50,Volvo S60 MK1 00-10 Lowering Springs – Front 35mm – Rear 25mm,GOODS,Lowering Springs,,,229.99,0,0.01,VOLVO S60 (all engine types) lowering T5 = 25MM - S60 - 10/2000 to 04/2010,https://www.gravityperformance.co.uk/wp-content/uploads/2022/10/Grav_Spring.jpg,https://www.gravityperformance.co.uk/wp-content/uploads/2022/10/Grav_Spring.jpg,Main Image
51,Volvo V40 T5 | D3 | D4 M – Lowering Springs – Front 25mm – Rear 35mm,GOODS,Lowering Springs,,,159.99,0,0.01,VOLVO V40 T5/D3/D4 - M - 07/2012+,https://www.gravityperformance.co.uk/wp-content/uploads/2022/10/Grav_Spring.jpg,https://www.gravityperformance.co.uk/wp-content/uploads/2022/10/Grav_Spring.jpg,Main Image
52,VW New Beetle Cabriolet 1.8T | 2.0 | 1.9TDI 1Y7 – Lowering Springs – Front 35mm – Rear 35mm,GOODS,Lowering Springs,,,199.99,0,0.01,VW NEW BEETLE CABRIOLET 1.8T/2.0/1.9TDI - 1Y7 - 09/2002 to 10/2010,https://www.gravityperformance.co.uk/wp-content/uploads/2022/10/Grav_Spring.jpg,https://www.gravityperformance.co.uk/wp-content/uploads/2022/10/Grav_Spring.jpg,Main Image
53,VW Passat Sedan 1.8T Aut. | 1.9TDI Aut. | 2.3 V5 No Aut. 3Bg – Lowering Springs – Front 30mm – Rear 30mm,GOODS,Lowering Springs,,,199.99,0,0.01,VW PASSAT SEDAN 1.8T AUT./1.9TDI AUT./2.3 V5 NO AUT. - 3BG - 11/2000 to 2005,https://www.gravityperformance.co.uk/wp-content/uploads/2022/10/Grav_Spring.jpg,https://www.gravityperformance.co.uk/wp-content/uploads/2022/10/Grav_Spring.jpg,Main Image
54,VW Passat 1.4TSI | 1.8TSI | 2.0Fsi | 2.0TSI | 1.6TDI | 1.9TDI 3C – Lowering Springs – Front 30mm – Rear 30mm,GOODS,Lowering Springs,,,179.99,0,0.01,VW PASSAT 1.4TSI/1.8TSI/2.0FSI/2.0TSI/1.6TDI/1.9TDI - 3C - 2005 to 11/2010,https://www.gravityperformance.co.uk/wp-content/uploads/2022/10/Grav_Spring.jpg,https://www.gravityperformance.co.uk/wp-content/uploads/2022/10/Grav_Spring.jpg,Main Image
55,Volvo V40 T5 | D3 | D4 M – Lowering Springs – Front 35mm – Rear 45mm,GOODS,Lowering Springs,,,179.99,0,0.01,VOLVO V40 T5/D3/D4 - M - 07/2012+,https://www.gravityperformance.co.uk/wp-content/uploads/2022/10/Grav_Spring.jpg,https://www.gravityperformance.co.uk/wp-content/uploads/2022/10/Grav_Spring.jpg,Main Image
56,VW Scirocco 1.4TSI(122PK) – Lowering Springs – Front 35mm – Rear 35mm,GOODS,Lowering Springs,,,179.99,0,0.01,VW SCIROCCO 1.4TSI(122PK) - 09/2008+,https://www.gravityperformance.co.uk/wp-content/uploads/2022/10/Grav_Spring.jpg,https://www.gravityperformance.co.uk/wp-content/uploads/2022/10/Grav_Spring.jpg,Main Image
57,VW Polo 1.2TSI Automatic Gear | 1.2TDI | 1.4TDI | 1.6TDI 6R – Lowering Springs – Front 35mm – Rear 40mm,GOODS,Lowering Springs,,,159.99,0,0.01,VW POLO 1.2TSI AUTOMATIC GEAR/1.2TDI/1.4TDI/1.6TDI - 6R - 06/2009+,https://www.gravityperformance.co.uk/wp-content/uploads/2022/10/Grav_Spring.jpg,https://www.gravityperformance.co.uk/wp-content/uploads/2022/10/Grav_Spring.jpg,Main Image
58,VW Scirocco 1.4TSI(160PK) | 2.0TSI | 2.0TDI 13 – Lowering Springs – Front 25mm – Rear 25mm,GOODS,Lowering Springs,,,179.99,0,0.01,VW SCIROCCO 1.4TSI(160PK)/2.0TSI/2.0TDI - 13 - 09/2008+,https://www.gravityperformance.co.uk/wp-content/uploads/2022/10/Grav_Spring.jpg,https://www.gravityperformance.co.uk/wp-content/uploads/2022/10/Grav_Spring.jpg,Main Image
59,Volvo S80 MK1 98-06 – Lowering Springs – Front 30mm – Rear 30mm,GOODS,Lowering Springs,,,219.99,0,0.01,VOLVO S80 (all engine types) - 10/1998 to 02/2006,https://www.gravityperformance.co.uk/wp-content/uploads/2022/10/Grav_Spring.jpg,https://www.gravityperformance.co.uk/wp-content/uploads/2022/10/Grav_Spring.jpg,Main Image
60,VW Passat 2.0TDI 3C – Lowering Springs – Front 40mm – Rear 40mm,GOODS,Lowering Springs,,,179.99,0,0.01,VW PASSAT 2.0TDI - 3C - 2005 to 11/2010,https://www.gravityperformance.co.uk/wp-content/uploads/2022/10/Grav_Spring.jpg,https://www.gravityperformance.co.uk/wp-content/uploads/2022/10/Grav_Spring.jpg,Main Image
61,VW Scirocco 1.4TSI(160PK) | 2.0TSI | 2.0TDI – Lowering Springs – Front 35mm – Rear 35mm,GOODS,Lowering Springs,,,179.99,0,0.01,VW SCIROCCO 1.4TSI(160PK)/2.0TSI/2.0TDI - 09/2008+,https://www.gravityperformance.co.uk/wp-content/uploads/2022/10/Grav_Spring.jpg,https://www.gravityperformance.co.uk/wp-content/uploads/2022/10/Grav_Spring.jpg,Main Image
62,VW Transporter T5 + Facelift 2009- T5 – Lowering Springs – Front 40mm – Rear 40mm,GOODS,Lowering Springs,,,239.99,0,0.01,VW TRANSPORTER T5 + FACELIFT 2009- T5 - 2003+,https://www.gravityperformance.co.uk/wp-content/uploads/2022/10/Grav_Spring.jpg,https://www.gravityperformance.co.uk/wp-content/uploads/2022/10/Grav_Spring.jpg,Main Image
63,Volvo V50 | S40 1.6 M – Lowering Springs – Front 30mm – Rear 30mm,GOODS,Lowering Springs,,,179.99,0,0.01,VOLVO V50/S40 1.6 - M - 2004 to 07/2012,https://www.gravityperformance.co.uk/wp-content/uploads/2022/10/Grav_Spring.jpg,https://www.gravityperformance.co.uk/wp-content/uploads/2022/10/Grav_Spring.jpg,Main Image
64,VW Passat CC 1.8TSI | 2.0TSI | 2.0TDI – Lowering Springs – Front 25mm – Rear 20mm,GOODS,Lowering Springs,,,179.99,0,0.01,VW PASSAT CC 1.8TSI/2.0TSI/2.0TDI - 06/2008+,https://www.gravityperformance.co.uk/wp-content/uploads/2022/10/Grav_Spring.jpg,https://www.gravityperformance.co.uk/wp-content/uploads/2022/10/Grav_Spring.jpg,Main Image
65,VW Transporter T3 – Lowering Springs – Front 45mm – Rear 45mm,GOODS,Lowering Springs,,,239.99,0,0.01,VW TRANSPORTER T3 - 1979 to 1991,https://www.gravityperformance.co.uk/wp-content/uploads/2022/10/Grav_Spring.jpg,https://www.gravityperformance.co.uk/wp-content/uploads/2022/10/Grav_Spring.jpg,Main Image
66,Volvo V60 T3 | T4 | T4F | 2.0T | 1.6D | 1.6 Drive | D2 – Lowering Springs – Front 25mm – Rear 30mm,GOODS,Lowering Springs,,,199.99,0,0.01,VOLVO V60 T3/T4/T4F/2.0T/1.6D/1.6 DRIVe/D2 - 11/2010+,https://www.gravityperformance.co.uk/wp-content/uploads/2022/10/Grav_Spring.jpg,https://www.gravityperformance.co.uk/wp-content/uploads/2022/10/Grav_Spring.jpg,Main Image
67,VW Polo | Derby 0.9-1.3 (Not G40) 86 | 86C – Lowering Springs – Front 60mm – Rear 40mm,GOODS,Lowering Springs,,,169.99,0,0.01,VW POLO/DERBY 0.9-1.3 (not G40) - 86/86C - 08/1976 to 07/1994,https://www.gravityperformance.co.uk/wp-content/uploads/2022/10/Grav_Spring.jpg,https://www.gravityperformance.co.uk/wp-content/uploads/2022/10/Grav_Spring.jpg,Main Image
68,Volvo V50 | S40 1.6D | 1.8 | 1.8F | 2.0 | 2.0F | D2 M – Lowering Springs – Front 30mm – Rear 30mm,GOODS,Lowering Springs,,,179.99,0,0.01,VOLVO V50/S40 1.6D/1.8/1.8F/2.0/2.0F/D2 - M - 2004 to 07/2012,https://www.gravityperformance.co.uk/wp-content/uploads/2022/10/Grav_Spring.jpg,https://www.gravityperformance.co.uk/wp-content/uploads/2022/10/Grav_Spring.jpg,Main Image
69,VW Golf VII Hatchback 1.4TSI (122PK)(Multilink) Au – Lowering Springs – Front 40mm – Rear 40mm,GOODS,Lowering Springs,,,159.99,0,0.01,VW GOLF VII HATCHBACK 1.4TSI (122PK)(MULTILINK) - AU - 10/2012+,https://www.gravityperformance.co.uk/wp-content/uploads/2022/10/Grav_Spring.jpg,https://www.gravityperformance.co.uk/wp-content/uploads/2022/10/Grav_Spring.jpg,Main Image
70,,,,,,,,,,,https://www.gravityperformance.co.uk/wp-content/uploads/2022/10/products-springs_rear_front_8.jpg,Gallery Image 1
71,,,,,,,,,,,https://www.gravityperformance.co.uk/wp-content/uploads/2022/10/products-springs_rear_front_8-1.jpg,Gallery Image 2
72,Volvo V60 D3 | D4 | D5 – Lowering Springs – Front 25mm – Rear 30mm,GOODS,Lowering Springs,,,209.99,0,0.01,VOLVO V60 D3/D4/D5 - 11/2010+,https://www.gravityperformance.co.uk/wp-content/uploads/2022/10/Grav_Spring.jpg,https://www.gravityperformance.co.uk/wp-content/uploads/2022/10/Grav_Spring.jpg,Main Image
73,VW Up 1.0 Aa – Lowering Springs – Front 30mm – Rear 35mm,GOODS,Lowering Springs,,,159.99,0,0.01,VW UP 1.0 - AA - 2012+,https://www.gravityperformance.co.uk/wp-content/uploads/2022/10/Grav_Spring.jpg,https://www.gravityperformance.co.uk/wp-content/uploads/2022/10/Grav_Spring.jpg,Main Image
74,VW Polo | Derby 0.9-1.3 (Not G40) 86 | 86C – Lowering Springs – Front 70mm – Rear 60mm,GOODS,Lowering Springs,,,169.99,0,0.01,VW POLO/DERBY 0.9-1.3 (not G40) - 86/86C - 08/1976 to 07/1994,https://www.gravityperformance.co.uk/wp-content/uploads/2022/10/Grav_Spring.jpg,https://www.gravityperformance.co.uk/wp-content/uploads/2022/10/Grav_Spring.jpg,Main Image
75,VW Transporter T5 + Facelift 2009- T5 – Lowering Springs – Front 55mm – Rear 55mm,GOODS,Lowering Springs,,,239.99,0,0.01,VW TRANSPORTER T5 + FACELIFT 2009- T5 - 2003+,https://www.gravityperformance.co.uk/wp-content/uploads/2022/10/Grav_Spring.jpg,https://www.gravityperformance.co.uk/wp-content/uploads/2022/10/Grav_Spring.jpg,Main Image
76,VW Golf VII Hatchback 2.0TDI (150PK)(Multilink) Au – Lowering Springs – Front 30mm – Rear 30mm,GOODS,Lowering Springs,,,169.99,0,0.01,VW GOLF VII HATCHBACK 2.0TDI (150PK)(MULTILINK) - AU - 10/2012+,https://www.gravityperformance.co.uk/wp-content/uploads/2022/10/Grav_Spring.jpg,https://www.gravityperformance.co.uk/wp-content/uploads/2022/10/Grav_Spring.jpg,Main Image
77,VW Jetta IV 2.0TSI | 1.6TDI | 2.0TDI 16 – Lowering Springs – Front 30mm – Rear 25mm,GOODS,Lowering Springs,,,179.99,0,0.01,VW jETTA IV 2.0TSI/1.6TDI/2.0TDI - 16 - 10/2010+,https://www.gravityperformance.co.uk/wp-content/uploads/2022/10/Grav_Spring.jpg,https://www.gravityperformance.co.uk/wp-content/uploads/2022/10/Grav_Spring.jpg,Main Image
78,Volvo C30 1.8 | 2.0 M – Lowering Springs – Front 30mm – Rear 30mm,GOODS,Lowering Springs,,,169.99,0,0.01,VOLVO C30 1.8/2.0 - M - 2006 to 2013,https://www.gravityperformance.co.uk/wp-content/uploads/2022/10/Grav_Spring.jpg,https://www.gravityperformance.co.uk/wp-content/uploads/2022/10/Grav_Spring.jpg,Main Image
79,VW Polo 1.2 | 1.4 16V | 1.6 9N – Lowering Springs – Front 30mm – Rear 30mm,GOODS,Lowering Springs,,,169.99,0,0.01,VW POLO 1.2/1.4 16V/1.6 - 9N - 11/2001 to 11/2009,https://www.gravityperformance.co.uk/wp-content/uploads/2022/10/Grav_Spring.jpg,https://www.gravityperformance.co.uk/wp-content/uploads/2022/10/Grav_Spring.jpg,Main Image
80,VW Golf VII Hatchback 2.0TDI (150PK)(Multilink) Au – Lowering Springs – Front 40mm – Rear 40mm,GOODS,Lowering Springs,,,159.99,0,0.01,VW GOLF VII HATCHBACK 2.0TDI (150PK)(MULTILINK) - AU - 10/2012+,https://www.gravityperformance.co.uk/wp-content/uploads/2022/10/Grav_Spring.jpg,https://www.gravityperformance.co.uk/wp-content/uploads/2022/10/Grav_Spring.jpg,Main Image
81,VW Golf IV GTI | V5 | 1.9TDI 90 | 100 | 110 | 130 With Aut. | 1.9TDI 115 | 150 1J – Lowering Springs – Front 30mm – Rear 30mm,GOODS,Lowering Springs,,,199.99,0,0.01,VW GOLF IV GTI/V5/1.9TDI 90/100/110/130 with aut./1.9TDI 115/150 - 1j - 10/1997 to 11/2003,https://www.gravityperformance.co.uk/wp-content/uploads/2022/10/Grav_Spring.jpg,https://www.gravityperformance.co.uk/wp-content/uploads/2022/10/Grav_Spring.jpg,Main Image
82,VW Jetta III 2.0TDI 1Km – Lowering Springs – Front 40mm – Rear 40mm,GOODS,Lowering Springs,,,179.99,0,0.01,VW jETTA III 2.0TDI - 1KM - 2005 to 09/2010,https://www.gravityperformance.co.uk/wp-content/uploads/2022/10/Grav_Spring.jpg,https://www.gravityperformance.co.uk/wp-content/uploads/2022/10/Grav_Spring.jpg,Main Image
83,Volvo C30 1.6 M – Lowering Springs – Front 30mm – Rear 30mm,GOODS,Lowering Springs,,,169.99,0,0.01,VOLVO C30 1.6 - M - 2006 to 2013,https://www.gravityperformance.co.uk/wp-content/uploads/2022/10/Grav_Spring.jpg,https://www.gravityperformance.co.uk/wp-content/uploads/2022/10/Grav_Spring.jpg,Main Image
84,VW Golf V 1.4 | 1.6 | 1.6Fsi 1K – Lowering Springs – Front 40mm – Rear 40mm,GOODS,Lowering Springs,,,179.99,0,0.01,VW GOLF V 1.4/1.6/1.6FSI - 1K - 11/2003 to 10/2008,https://www.gravityperformance.co.uk/wp-content/uploads/2022/10/Grav_Spring.jpg,https://www.gravityperformance.co.uk/wp-content/uploads/2022/10/Grav_Spring.jpg,Main Image
85,VW Polo 1.0 | 1.4 | 1.4-16V | 1.4TDI | 1.6 | 1.9SDi 6N – Lowering Springs – Front 40mm – Rear 40mm,GOODS,Lowering Springs,,,169.99,0,0.01,VW POLO 1.0/1.4/1.4-16V/1.4TDI/1.6/1.9SDi - 6N - 08/1994 to 2000,https://www.gravityperformance.co.uk/wp-content/uploads/2022/10/Grav_Spring.jpg,https://www.gravityperformance.co.uk/wp-content/uploads/2022/10/Grav_Spring.jpg,Main Image
86,VW Corrado 2.9 Vr6 53I – Lowering Springs – Front 40mm – Rear 40mm,GOODS,Lowering Springs,,,179.99,0,0.01,VW CORRADO 2.9 VR6 - 53i - 10/1991 to 02/1995,https://www.gravityperformance.co.uk/wp-content/uploads/2022/10/Grav_Spring.jpg,https://www.gravityperformance.co.uk/wp-content/uploads/2022/10/Grav_Spring.jpg,Main Image
87,Volvo C30 1.6D | D2 M – Lowering Springs – Front 30mm – Rear 30mm,GOODS,Lowering Springs,,,169.99,0,0.01,VOLVO C30 1.6D/D2 - M - 2006 to 2013,https://www.gravityperformance.co.uk/wp-content/uploads/2022/10/Grav_Spring.jpg,https://www.gravityperformance.co.uk/wp-content/uploads/2022/10/Grav_Spring.jpg,Main Image
88,VW Polo | Derby 0.9-1.3 (Not G40) 86 | 86C – Lowering Springs – Front 70mm – Rear 70mm,GOODS,Lowering Springs,,,169.99,0,0.01,VW POLO/DERBY 0.9-1.3 (not G40) - 86/86C - 08/1976 to 07/1994,https://www.gravityperformance.co.uk/wp-content/uploads/2022/10/Grav_Spring.jpg,https://www.gravityperformance.co.uk/wp-content/uploads/2022/10/Grav_Spring.jpg,Main Image
89,VW Golf MK3 | Vento GTI | GTI 16V | Vr6 1HXO – Lowering Springs – Front 60mm – Rear 60mm,GOODS,Lowering Springs,,,169.99,0,0.01,VW GOLF III/VENTO GTI/GTI 16V/VR6 - 1HXO - 09/1991 to 08/1994,https://www.gravityperformance.co.uk/wp-content/uploads/2022/10/Grav_Spring.jpg,https://www.gravityperformance.co.uk/wp-content/uploads/2022/10/Grav_Spring.jpg,Main Image
90,VW Golf MK6 2.0TSI GTI – Lowering Springs – Front 25mm – Rear 20mm,GOODS,Lowering Springs,,,179.99,0,0.01,VW GOLF VI 2.0TSI GTI - 0420/09 to 09/2012,https://www.gravityperformance.co.uk/wp-content/uploads/2022/10/Grav_Spring.jpg,https://www.gravityperformance.co.uk/wp-content/uploads/2022/10/Grav_Spring.jpg,Main Image
91,VW Golf MK4 1.8 | 2.0 | GTI | V5 | 1.9TDI (Va 1020Kg) 1J – Lowering Springs – Front 45mm – Rear 45mm,GOODS,Lowering Springs,,,199.99,0,0.01,VW GOLF IV 1.8/2.0/GTI/V5/1.9TDI (VA 1020KG) - 1j - 10/1997 to 11/2003,https://www.gravityperformance.co.uk/wp-content/uploads/2022/10/Grav_Spring.jpg,https://www.gravityperformance.co.uk/wp-content/uploads/2022/10/Grav_Spring.jpg,Main Image
92,Toyota Celica 1.8VVT-i T23 – Lowering Springs – Front 30mm – Rear 30mm,GOODS,Lowering Springs,,,169.99,0,0.01,TOYOTA CELICA 1.8VVT-i - T23 - 2000 to 09/2005,https://www.gravityperformance.co.uk/wp-content/uploads/2022/10/Grav_Spring.jpg,https://www.gravityperformance.co.uk/wp-content/uploads/2022/10/Grav_Spring.jpg,Main Image
93,VW Golf IV R32 3.2 V6 1J – Lowering Springs – Front 20mm – Rear 20mm,GOODS,Lowering Springs,,,179.99,0,0.01,VW GOLF IV R32 3.2 V6 - 1j - 10/2002 to 11/2003,https://www.gravityperformance.co.uk/wp-content/uploads/2022/10/Grav_Spring.jpg,https://www.gravityperformance.co.uk/wp-content/uploads/2022/10/Grav_Spring.jpg,Main Image
94,Toyota GT86 2.0 ZN – Lowering Springs – Front 25mm – Rear 25mm,GOODS,Lowering Springs,,,159.99,0,0.01,TOYOTA GT86 2.0 - ZN - 03/2012+,https://www.gravityperformance.co.uk/wp-content/uploads/2022/10/Grav_Spring.jpg,https://www.gravityperformance.co.uk/wp-content/uploads/2022/10/Grav_Spring.jpg,Main Image
95,VW Golf II | Jetta II 1.6 | D | TD | 1.8GTI | 16V | G60 19E – Lowering Springs – Front 40mm – Rear 40mm,GOODS,Lowering Springs,,,169.99,0,0.01,VW GOLF II/jETTA II 1.6/D/TD/1.8GTI/16V/G60 - 19E - 08/1983 to 11/1991,https://www.gravityperformance.co.uk/wp-content/uploads/2022/10/Grav_Spring.jpg,https://www.gravityperformance.co.uk/wp-content/uploads/2022/10/Grav_Spring.jpg,Main Image
96,VW Golf VI Variant 1.4TSI (160PK) | 1.6TDI 1Km – Lowering Springs – Front 25mm – Rear 30mm,GOODS,Lowering Springs,,,179.99,0,0.01,VW GOLF VI VARIANT 1.4TSI (160PK)/1.6TDI - 1KM - 07/2009 to 03/2013,https://www.gravityperformance.co.uk/wp-content/uploads/2022/10/Grav_Spring.jpg,https://www.gravityperformance.co.uk/wp-content/uploads/2022/10/Grav_Spring.jpg,Main Image
97,VW Eos 2.0Fsi Turbo | 2.0TDI 1F – Lowering Springs – Front 40mm – Rear 40mm,GOODS,Lowering Springs,,,179.99,0,0.01,VW EOS 2.0FSI TURBO/2.0TDI - 1F - 2006 to 05/2013,https://www.gravityperformance.co.uk/wp-content/uploads/2022/10/Grav_Spring.jpg,https://www.gravityperformance.co.uk/wp-content/uploads/2022/10/Grav_Spring.jpg,Main Image
98,VW Eos 2.0Fsi 1F – Lowering Springs – Front 40mm – Rear 40mm,GOODS,Lowering Springs,,,179.99,0,0.01,VW EOS 2.0FSI - 1F - 2006 to 05/2013,https://www.gravityperformance.co.uk/wp-content/uploads/2022/10/Grav_Spring.jpg,https://www.gravityperformance.co.uk/wp-content/uploads/2022/10/Grav_Spring.jpg,Main Image
99,Toyota MR2 2.0 16V W2 – Lowering Springs – Front 40mm – Rear 40mm,GOODS,Lowering Springs,,,219.99,0,0.01,TOYOTA MR2 2.0 16V - W2 - 1990 to 1994,https://www.gravityperformance.co.uk/wp-content/uploads/2022/10/Grav_Spring.jpg,https://www.gravityperformance.co.uk/wp-content/uploads/2022/10/Grav_Spring.jpg,Main Image
100,Skoda Rapid Sedan+Spaceback1.2MPI | 1.2TSI Nh – Lowering Springs – Front 30mm – Rear 40mm,GOODS,Lowering Springs,,,169.99,0,0.01,SKODA RAPID SEDAN+SPACEBACK1.2MPi/1.2TSI - NH - 10/2012+,https://www.gravityperformance.co.uk/wp-content/uploads/2022/10/Grav_Spring.jpg,https://www.gravityperformance.co.uk/wp-content/uploads/2022/10/Grav_Spring.jpg,Main Image
101,Toyota Corolla 1.6GT Twincam 16V EE | AE86 – Lowering Springs – Front 40mm – Rear 40mm,GOODS,Lowering Springs,,,199.99,0,0.01,TOYOTA COROLLA 1.6GT TWINCAM 16V - EE/AE86 - 05/1983 to 04/1987,https://www.gravityperformance.co.uk/wp-content/uploads/2022/10/Grav_Spring.jpg,https://www.gravityperformance.co.uk/wp-content/uploads/2022/10/Grav_Spring.jpg,Main Image
102,Toyota MR2 W3 – Lowering Springs – Front 30mm – Rear 30mm,GOODS,Lowering Springs,,,159.99,0,0.01,TOYOTA MR2 - W3 - 10/1999 to 06/2007,https://www.gravityperformance.co.uk/wp-content/uploads/2022/10/Grav_Spring.jpg,https://www.gravityperformance.co.uk/wp-content/uploads/2022/10/Grav_Spring.jpg,Main Image
103,Subaru Impreza Bugeye 2.0T WRX – Lowering Springs – Front 30mm – Rear 25mm,GOODS,Lowering Springs,,,199.99,0,0.01,SUBARU IMPREZA 2.0T WRX - GD/GG/GGS - 2001 to 2003,https://www.gravityperformance.co.uk/wp-content/uploads/2022/10/Grav_Spring.jpg,https://www.gravityperformance.co.uk/wp-content/uploads/2022/10/Grav_Spring.jpg,Main Image
104,Skoda Octavia 1.6TDI | 1.4TSI1.8TSI | 2.0Fsi | 1.9TDI + Sw 1Z – Lowering Springs – Front 30mm – Rear 30mm,GOODS,Lowering Springs,,,179.99,0,0.01,SKODA OCTAVIA 1.6TDI/1.4TSI1.8TSI/2.0FSI/1.9TDI + SW - 1Z - 2004 to 06/2013,https://www.gravityperformance.co.uk/wp-content/uploads/2022/10/Grav_Spring.jpg,https://www.gravityperformance.co.uk/wp-content/uploads/2022/10/Grav_Spring.jpg,Main Image
105,Skoda Rapid Sedan+Spaceback 1.4TSI | 1.6TDI Nh – Lowering Springs – Front 30mm – Rear 40mm,GOODS,Lowering Springs,,,169.99,0,0.01,SKODA RAPID SEDAN+SPACEBACK 1.4TSI/1.6TDI - NH - 10/2012+,https://www.gravityperformance.co.uk/wp-content/uploads/2022/10/Grav_Spring.jpg,https://www.gravityperformance.co.uk/wp-content/uploads/2022/10/Grav_Spring.jpg,Main Image
106,Toyota Celica 2.0GTI Turbo 4WD St18 – Lowering Springs – Front 35mm – Rear 35mm,GOODS,Lowering Springs,,,199.99,0,0.01,TOYOTA CELICA 2.0GTI TURBO 4WD - ST18 - 10/1989 to 02/1994,https://www.gravityperformance.co.uk/wp-content/uploads/2022/10/Grav_Spring.jpg,https://www.gravityperformance.co.uk/wp-content/uploads/2022/10/Grav_Spring.jpg,Main Image
107,Skoda Superb 2.0TDI 3T – Lowering Springs – Front 35mm – Rear 25mm,GOODS,Lowering Springs,,,179.99,0,0.01,SKODA SUPERB 2.0TDI - 3T - 07/2008+,https://www.gravityperformance.co.uk/wp-content/uploads/2022/10/Grav_Spring.jpg,https://www.gravityperformance.co.uk/wp-content/uploads/2022/10/Grav_Spring.jpg,Main Image
108,Skoda Superb Combi 1.4TSI | 1.8TSI | 2.0TSI | 1.6TDI | 2.0TDI – Lowering Springs – Front 40mm – Rear 30mm,GOODS,Lowering Springs,,,179.99,0,0.01,SKODA SUPERB COMBI 1.4TSI/1.8TSI/2.0TSI/1.6TDI/2.0TDI - 10/2009+,https://www.gravityperformance.co.uk/wp-content/uploads/2022/10/Grav_Spring.jpg,https://www.gravityperformance.co.uk/wp-content/uploads/2022/10/Grav_Spring.jpg,Main Image
109,Seat Ibiza 1.4 Aut. | 1.4TDI | 1.9SDi 6L – Lowering Springs – Front 30mm – Rear 30mm,GOODS,Lowering Springs,,,179.99,0,0.01,SEAT IBIZA 1.4 AUT./1.4TDI/1.9SDi - 6L - 04/2002 to 02/2008,https://www.gravityperformance.co.uk/wp-content/uploads/2022/10/Grav_Spring.jpg,https://www.gravityperformance.co.uk/wp-content/uploads/2022/10/Grav_Spring.jpg,Main Image
110,Subaru Impreza Turbo + Stationwagon – Lowering Springs – Front 25mm – Rear 15mm,GOODS,Lowering Springs,,,199.99,0,0.01,SUBARU IMPREZA TURBO + STATIONWAGON - GFC - 1998 to 12/2000,https://www.gravityperformance.co.uk/wp-content/uploads/2022/10/Grav_Spring.jpg,https://www.gravityperformance.co.uk/wp-content/uploads/2022/10/Grav_Spring.jpg,Main Image
111,Seat Ibiza 1.2 | 1.2TSI | 1.4 | 1.6 6J – Lowering Springs – Front 30mm – Rear 30mm,GOODS,Lowering Springs,,,159.99,0,0.01,SEAT IBIZA 1.2/1.2TSI/1.4/1.6 - 6j - 03/2008+,https://www.gravityperformance.co.uk/wp-content/uploads/2022/10/Grav_Spring.jpg,https://www.gravityperformance.co.uk/wp-content/uploads/2022/10/Grav_Spring.jpg,Main Image
112,Seat Ibiza 1.2 | 1.2TSI | 1.4 | 1.6 6J – Lowering Springs – Front 45mm – Rear 45mm,GOODS,Lowering Springs,,,159.99,0,0.01,SEAT IBIZA 1.2/1.2TSI/1.4/1.6 - 6j - 03/2008+,https://www.gravityperformance.co.uk/wp-content/uploads/2022/10/Grav_Spring.jpg,https://www.gravityperformance.co.uk/wp-content/uploads/2022/10/Grav_Spring.jpg,Main Image
113,Toyota Starlet 1.1-1.3 P9 – Lowering Springs – Front 40mm – Rear 40mm,GOODS,Lowering Springs,,,149.99,0,0.01,TOYOTA STARLET 1.1-1.3 - P9 - 03/1996 to 12/1999,https://www.gravityperformance.co.uk/wp-content/uploads/2022/10/Grav_Spring.jpg,https://www.gravityperformance.co.uk/wp-content/uploads/2022/10/Grav_Spring.jpg,Main Image
114,Toyota GT86 2.0 ZN – Lowering Springs – Front 35mm – Rear 35mm,GOODS,Lowering Springs,,,159.99,0,0.01,Toyota GT86 2.0 - ZN - 03/2012+,https://www.gravityperformance.co.uk/wp-content/uploads/2022/10/Grav_Spring.jpg,https://www.gravityperformance.co.uk/wp-content/uploads/2022/10/Grav_Spring.jpg,Main Image
115,Seat Ibiza 1.2TDI | 1.4TDI | 1.9TDI 6J – Lowering Springs – Front 45mm – Rear 45mm,GOODS,Lowering Springs,,,159.99,0,0.01,SEAT IBIZA 1.2TDI/1.4TDI/1.9TDI - 6j - 03/2008+,https://www.gravityperformance.co.uk/wp-content/uploads/2022/10/Grav_Spring.jpg,https://www.gravityperformance.co.uk/wp-content/uploads/2022/10/Grav_Spring.jpg,Main Image
116,Seat Ibiza 1.4TSI Fr | 1.4TSI Cupra | 2.0TDI Fr 6J – Lowering Springs – Front 25mm – Rear 30mm,GOODS,Lowering Springs,,,159.99,0,0.01,SEAT IBIZA 1.4TSI FR/1.4TSI CUPRA/2.0TDI FR - 6j - 11/2009+,https://www.gravityperformance.co.uk/wp-content/uploads/2022/10/Grav_Spring.jpg,https://www.gravityperformance.co.uk/wp-content/uploads/2022/10/Grav_Spring.jpg,Main Image
117,Seat Ibiza Station 1.2TDI | 1.6TDI 6J – Lowering Springs – Front 45mm – Rear 45mm,GOODS,Lowering Springs,,,159.99,0,0.01,SEAT IBIZA STATION 1.2TDI/1.6TDI - 6j - 05/2010+,https://www.gravityperformance.co.uk/wp-content/uploads/2022/10/Grav_Spring.jpg,https://www.gravityperformance.co.uk/wp-content/uploads/2022/10/Grav_Spring.jpg,Main Image
118,Subaru Impreza + Stationwagon 1.6Ts | 2.0Gx | 2.0Wrx | Not 2.0 Wrx Sti – Lowering Springs – Front 30mm – Rear 30mm,GOODS,Lowering Springs,,,199.99,0,0.01,SUBARU IMPREZA + STATIONWAGON 1.6TS/2.0GX/2.0WRX/NOT 2.0 WRX STI - GD/GG/GGS - 2003 to 2005,https://www.gravityperformance.co.uk/wp-content/uploads/2022/10/Grav_Spring.jpg,https://www.gravityperformance.co.uk/wp-content/uploads/2022/10/Grav_Spring.jpg,Main Image
119,Seat Leon Hatchback + Sc 1.6TDI Torsion Beam 5F – Lowering Springs – Front 30mm – Rear 30mm,GOODS,Lowering Springs,,,169.99,0,0.01,SEAT LEON HATCHBACK + SC 1.6TDI TORSION BEAM - 5F - 09/2012+,https://www.gravityperformance.co.uk/wp-content/uploads/2022/10/Grav_Spring.jpg,https://www.gravityperformance.co.uk/wp-content/uploads/2022/10/Grav_Spring.jpg,Main Image
120,Seat Alhambra 1.8 | 2.0 | 1.9TDI 7Ms – Lowering Springs – Front 35mm – Rear 35mm,GOODS,Lowering Springs,,,209.99,0,0.01,SEAT ALHAMBRA 1.8/2.0/1.9TDI - 7MS - 09/1995 to 03/2010,https://www.gravityperformance.co.uk/wp-content/uploads/2022/10/Grav_Spring.jpg,https://www.gravityperformance.co.uk/wp-content/uploads/2022/10/Grav_Spring.jpg,Main Image
121,,,,,,,,,,,https://www.gravityperformance.co.uk/wp-content/uploads/2022/10/products-spring20-20direnza20box20201920-20full20set.jpg,Gallery Image 1
122,,,,,,,,,,,https://www.gravityperformance.co.uk/wp-content/uploads/2022/10/products-spring20-20direnza20box20201920-20full20set-1.jpg,Gallery Image 2
123,Toyota Celica 2.0GTI St18 – Lowering Springs – Front 40mm – Rear 40mm,GOODS,Lowering Springs,,,179.99,0,0.01,TOYOTA CELICA 2.0GTI - ST18 - 10/1989 to 02/1994,https://www.gravityperformance.co.uk/wp-content/uploads/2022/10/Grav_Spring.jpg,https://www.gravityperformance.co.uk/wp-content/uploads/2022/10/Grav_Spring.jpg,Main Image
124,Toyota Celica 1.8 T20 – Lowering Springs – Front 40mm – Rear 40mm,GOODS,Lowering Springs,,,209.99,0,0.01,TOYOTA CELICA 1.8 - T20 - 03/1994 to 11/1999,https://www.gravityperformance.co.uk/wp-content/uploads/2022/10/Grav_Spring.jpg,https://www.gravityperformance.co.uk/wp-content/uploads/2022/10/Grav_Spring.jpg,Main Image
125,Seat Ibiza Station 1.2 | 1.2TSI | 1.4 6J – Lowering Springs – Front 45mm – Rear 45mm,GOODS,Lowering Springs,,,159.99,0,0.01,SEAT IBIZA STATION 1.2/1.2TSI/1.4 - 6j - 05/2010+,https://www.gravityperformance.co.uk/wp-content/uploads/2022/10/Grav_Spring.jpg,https://www.gravityperformance.co.uk/wp-content/uploads/2022/10/Grav_Spring.jpg,Main Image
126,Toyota Celica 2.0 T20 – Lowering Springs – Front 40mm – Rear 40mm,GOODS,Lowering Springs,,,209.99,0,0.01,TOYOTA CELICA 2.0 - T20 - 03/1994 to 11/1999,https://www.gravityperformance.co.uk/wp-content/uploads/2022/10/Grav_Spring.jpg,https://www.gravityperformance.co.uk/wp-content/uploads/2022/10/Grav_Spring.jpg,Main Image
127,Seat Ibiza 1.2 | 1.2TSI | 1.4 | 1.6 6J – Lowering Springs – Front 20mm – Rear 20mm,GOODS,Lowering Springs,,,159.99,0,0.01,SEAT IBIZA 1.2/1.2TSI/1.4/1.6 - 6j - 03/2008+,https://www.gravityperformance.co.uk/wp-content/uploads/2022/10/Grav_Spring.jpg,https://www.gravityperformance.co.uk/wp-content/uploads/2022/10/Grav_Spring.jpg,Main Image
128,Seat Toledo 1.4TSI | 1.6TDI Nh – Lowering Springs – Front 30mm – Rear 40mm,GOODS,Lowering Springs,,,169.99,0,0.01,SEAT TOLEDO 1.4TSI/1.6TDI - NH - 07/2012+,https://www.gravityperformance.co.uk/wp-content/uploads/2022/10/Grav_Spring.jpg,https://www.gravityperformance.co.uk/wp-content/uploads/2022/10/Grav_Spring.jpg,Main Image
129,Vauxhall Astra 2.0T | 1.7CDTI | 1.9CDTI (Not For Ids) H – Lowering Springs – Front 45mm – Rear 45mm,GOODS,Lowering Springs,,,179.99,0,0.01,OPEL/ VAUXHALL ASTRA 2.0T/1.7CDTi/1.9CDTi (not for IDS) - H - 2004 to 10/2009,https://www.gravityperformance.co.uk/wp-content/uploads/2022/10/Grav_Spring.jpg,https://www.gravityperformance.co.uk/wp-content/uploads/2022/10/Grav_Spring.jpg,Main Image
130,Mini Cooper R50 – Lowering Springs – Front 25mm – Rear 25mm,GOODS,Lowering Springs,,,149.99,0,0.01,MINI COOPER - R50 - 2001 to 03/2002,https://www.gravityperformance.co.uk/wp-content/uploads/2022/10/Grav_Spring.jpg,https://www.gravityperformance.co.uk/wp-content/uploads/2022/10/Grav_Spring.jpg,Main Image
131,Seat Leon 1.8Tfsi | 2.0Tfsi | 1.9TDI | 2.0TDI 1P – Lowering Springs – Front 30mm – Rear 30mm,GOODS,Lowering Springs,,,179.99,0,0.01,SEAT LEON 1.8TFSI/2.0TFSI/1.9TDI/2.0TDI - 1P - 08/2005 to 01/2013,https://www.gravityperformance.co.uk/wp-content/uploads/2022/10/Grav_Spring.jpg,https://www.gravityperformance.co.uk/wp-content/uploads/2022/10/Grav_Spring.jpg,Main Image
132,Skoda Fabia Rs 1.4TSI – Lowering Springs – Front 40mm – Rear 40mm,GOODS,Lowering Springs,,,159.99,0,0.01,SKODA FABIA RS 1.4TSI - 05/2010+,https://www.gravityperformance.co.uk/wp-content/uploads/2022/10/Grav_Spring.jpg,https://www.gravityperformance.co.uk/wp-content/uploads/2022/10/Grav_Spring.jpg,Main Image
133,Vauxhall Astra GTC 1.4T Manual Gear P-J – Lowering Springs – Front 20mm – Rear 20mm,GOODS,Lowering Springs,,,179.99,0,0.01,OPEL/ VAUXHALL ASTRA GTC 1.4T MANUAL GEAR - P-j - 10/2011+,https://www.gravityperformance.co.uk/wp-content/uploads/2022/10/Grav_Spring.jpg,https://www.gravityperformance.co.uk/wp-content/uploads/2022/10/Grav_Spring.jpg,Main Image
134,Vauxhall Astra GTC 1.4T Manual Gear P-J – Lowering Springs – Front 30mm – Rear 30mm,GOODS,Lowering Springs,,,179.99,0,0.01,OPEL/ VAUXHALL ASTRA GTC 1.4T MANUAL GEAR - P-j - 10/2011+,https://www.gravityperformance.co.uk/wp-content/uploads/2022/10/Grav_Spring.jpg,https://www.gravityperformance.co.uk/wp-content/uploads/2022/10/Grav_Spring.jpg,Main Image
135,Mercedes SLk 350 | 250CDI W172 – Lowering Springs – Front 30mm – Rear 30mm,GOODS,Lowering Springs,,,179.99,0,0.01,slK 350/250CDi - W172 - 02/2011+,https://www.gravityperformance.co.uk/wp-content/uploads/2022/10/Grav_Spring.jpg,https://www.gravityperformance.co.uk/wp-content/uploads/2022/10/Grav_Spring.jpg,Main Image
136,Vauxhall Insignia Sports Tourer 2.0T | 2.0CDTI | 2.0CDTI BI-Power 0G-A – Lowering Springs – Front 30mm – Rear 25mm,GOODS,Lowering Springs,,,199.99,0,0.01,OPEL/ VAUXHALL INSIGNIA SPORTS TOURER 2.0T/2.0CDTi/2.0CDTi BI-POWER - 0G-A - 2014+,https://www.gravityperformance.co.uk/wp-content/uploads/2022/10/Grav_Spring.jpg,https://www.gravityperformance.co.uk/wp-content/uploads/2022/10/Grav_Spring.jpg,Main Image
137,Mini One R50 – Lowering Springs – Front 30mm – Rear 30mm,GOODS,Lowering Springs,,,179.99,0,0.01,MINI ONE - R50 - 2001 to 03/2002,https://www.gravityperformance.co.uk/wp-content/uploads/2022/10/Grav_Spring.jpg,https://www.gravityperformance.co.uk/wp-content/uploads/2022/10/Grav_Spring.jpg,Main Image
138,Mini One + Cooper R50 – Lowering Springs – Front 45mm – Rear 45mm,GOODS,Lowering Springs,,,169.99,0,0.01,MINI ONE + COOPER - R50 - 2001 to 03/2002,https://www.gravityperformance.co.uk/wp-content/uploads/2022/10/Grav_Spring.jpg,https://www.gravityperformance.co.uk/wp-content/uploads/2022/10/Grav_Spring.jpg,Main Image
139,Vauxhall Corsa C 1.4 | 1.8 | 1.3CDTI | 1.7Di+DTI C – Lowering Springs – Front 30mm – Rear 30mm,GOODS,Lowering Springs,,,159.99,0,0.01,OPEL/ VAUXHALL CORSA C 1.4/1.8/1.3CDTi/1.7Di+DTi - C - 2001 to 08/2006,https://www.gravityperformance.co.uk/wp-content/uploads/2022/10/Grav_Spring.jpg,https://www.gravityperformance.co.uk/wp-content/uploads/2022/10/Grav_Spring.jpg,Main Image
140,Mini One + Cooper + Dsl R50 – Lowering Springs – Front 30mm – Rear 30mm,GOODS,Lowering Springs,,,129.99,0,0.01,MINI ONE + COOPER + Dsl - R50 - 04/2002 to 03/2007,https://www.gravityperformance.co.uk/wp-content/uploads/2022/10/Grav_Spring.jpg,https://www.gravityperformance.co.uk/wp-content/uploads/2022/10/Grav_Spring.jpg,Main Image
141,Vauxhall Astra 1.6 | 1.8 Cabrio Twintop H – Lowering Springs – Front 30mm – Rear 25mm,GOODS,Lowering Springs,,,179.99,0,0.01,OPEL/ VAUXHALL ASTRA 1.6/1.8 CABRIO TWINTOP - H - 09/2005 to 04/2011,https://www.gravityperformance.co.uk/wp-content/uploads/2022/10/Grav_Spring.jpg,https://www.gravityperformance.co.uk/wp-content/uploads/2022/10/Grav_Spring.jpg,Main Image
142,Mini Cooper S | Cooper SD R56 | Mini-N – Lowering Springs – Front 30mm – Rear 30mm,GOODS,Lowering Springs,,,169.99,0,0.01,MINI COOPER S/COOPER SD - R56/MINI-N - 12/2006+,https://www.gravityperformance.co.uk/wp-content/uploads/2022/10/Grav_Spring.jpg,https://www.gravityperformance.co.uk/wp-content/uploads/2022/10/Grav_Spring.jpg,Main Image
143,Vauxhall Astra GTC 1.4T Automatic Gear | 1.6T | 1.7CDTI P-J – Lowering Springs – Front 30mm – Rear 30mm,GOODS,Lowering Springs,,,179.99,0,0.01,OPEL/ VAUXHALL ASTRA GTC 1.4T AUTOMATIC GEAR/1.6T/1.7CDTi - P-j - 10/2011+,https://www.gravityperformance.co.uk/wp-content/uploads/2022/10/Grav_Spring.jpg,https://www.gravityperformance.co.uk/wp-content/uploads/2022/10/Grav_Spring.jpg,Main Image
144,Mini Cooper S R53 – Lowering Springs – Front 30mm – Rear 30mm,GOODS,Lowering Springs,,,139.99,0,0.01,MINI COOPER S - R53 - 03/2002 to 09/2006,https://www.gravityperformance.co.uk/wp-content/uploads/2022/10/Grav_Spring.jpg,https://www.gravityperformance.co.uk/wp-content/uploads/2022/10/Grav_Spring.jpg,Main Image
145,Mini Clubman Cooper S | Cooper SD R55 | Mini-N – Lowering Springs – Front 30mm – Rear 25mm,GOODS,Lowering Springs,,,169.99,0,0.01,MINI CLUBMAN COOPER S/COOPER SD - R55/MINI-N - 2007+,https://www.gravityperformance.co.uk/wp-content/uploads/2022/10/Grav_Spring.jpg,https://www.gravityperformance.co.uk/wp-content/uploads/2022/10/Grav_Spring.jpg,Main Image
146,Opel Vauxhall Vectra A 2.0 16v 4×4 88-95 – Lowering Springs – Front 60mm – Rear 60mm,GOODS,Lowering Springs,,,179.99,0,0.01,OPEL VECTRA A 2000/4X4/GL4X4/GLS4X4+16V - 10/1988 to 1995,https://www.gravityperformance.co.uk/wp-content/uploads/2022/10/Grav_Spring.jpg,https://www.gravityperformance.co.uk/wp-content/uploads/2022/10/Grav_Spring.jpg,Main Image
147,Mini Coupe Cooper S | Cooper SD R58 – Lowering Springs – Front 25mm – Rear 25mm,GOODS,Lowering Springs,,,169.99,0,0.01,MINI COUPE COOPER S/COOPER SD - R58 - 07/2011+,https://www.gravityperformance.co.uk/wp-content/uploads/2022/10/Grav_Spring.jpg,https://www.gravityperformance.co.uk/wp-content/uploads/2022/10/Grav_Spring.jpg,Main Image
148,Mini Countryman One | Cooper | Cooper D | Cooper S | Cooper SD (2Wd) R60 – Lowering Springs – Front 35mm – Rear 35mm,GOODS,Lowering Springs,,,179.99,0,0.01,MINI COUNTRYMAN ONE/COOPER/COOPER D/COOPER S/COOPER SD (2WD) - R60 - 06/2010+,https://www.gravityperformance.co.uk/wp-content/uploads/2022/10/Grav_Spring.jpg,https://www.gravityperformance.co.uk/wp-content/uploads/2022/10/Grav_Spring.jpg,Main Image
149,Vauxhall Astra GTC 2.0CDTI | 2.0CDTI BI-Turbo P-J – Lowering Springs – Front 30mm – Rear 30mm,GOODS,Lowering Springs,,,199.99,0,0.01,OPEL/ VAUXHALL ASTRA GTC 2.0CDTi/2.0CDTi BI-TURBO - P-j - 10/2011+,https://www.gravityperformance.co.uk/wp-content/uploads/2022/10/Grav_Spring.jpg,https://www.gravityperformance.co.uk/wp-content/uploads/2022/10/Grav_Spring.jpg,Main Image
150,Mini One + Cooper + Dsl R56 | Mini-N – Lowering Springs – Front 30mm – Rear 30mm,GOODS,Lowering Springs,,,169.99,0,0.01,MINI ONE + COOPER + Dsl - R56/MINI-N - 12/2006+,https://www.gravityperformance.co.uk/wp-content/uploads/2022/10/Grav_Spring.jpg,https://www.gravityperformance.co.uk/wp-content/uploads/2022/10/Grav_Spring.jpg,Main Image
151,Vauxhall Corsa 1.0 | 1.2 | 1.4 D – Lowering Springs – Front 30mm – Rear 20mm,GOODS,Lowering Springs,,,159.99,0,0.01,OPEL/ VAUXHALL CORSA 1.0/1.2/1.4 - D - 2006+,https://www.gravityperformance.co.uk/wp-content/uploads/2022/10/Grav_Spring.jpg,https://www.gravityperformance.co.uk/wp-content/uploads/2022/10/Grav_Spring.jpg,Main Image
152,Vauxhall Corsa 1.0 | 1.2 | 1.4 D – Lowering Springs – Front 40mm – Rear 30mm,GOODS,Lowering Springs,,,169.99,0,0.01,OPEL/ VAUXHALL CORSA 1.0/1.2/1.4 - D - 2006+,https://www.gravityperformance.co.uk/wp-content/uploads/2022/10/Grav_Spring.jpg,https://www.gravityperformance.co.uk/wp-content/uploads/2022/10/Grav_Spring.jpg,Main Image
153,Vauxhall Corsa 1.3CDTI | 1.7CDTI D – Lowering Springs – Front 40mm – Rear 30mm,GOODS,Lowering Springs,,,169.99,0,0.01,OPEL/ VAUXHALL CORSA 1.3CDTi/1.7CDTi - D - 2006+,https://www.gravityperformance.co.uk/wp-content/uploads/2022/10/Grav_Spring.jpg,https://www.gravityperformance.co.uk/wp-content/uploads/2022/10/Grav_Spring.jpg,Main Image
154,Vauxhall Insignia Sedan + Hatchback 2.0T | 2.0CDTI | 2.0CDTI BI-Power 0G-A 08 – Lowering Springs – Front 30mm – Rear 30mm,GOODS,Lowering Springs,,,169.99,0,0.01,OPEL/ VAUXHALL INSIGNIA SEDAN + HATCHBACK 2.0T/2.0CDTi/2.0CDTi BI-POWER - 0G-A - 07/2008+,https://www.gravityperformance.co.uk/wp-content/uploads/2022/10/Grav_Spring.jpg,https://www.gravityperformance.co.uk/wp-content/uploads/2022/10/Grav_Spring.jpg,Main Image
155,Mini Clubman One | Cooper | Dsl R55 | Mini-N – Lowering Springs – Front 30mm – Rear 25mm,GOODS,Lowering Springs,,,169.99,0,0.01,MINI CLUBMAN ONE/COOPER/Dsl - R55/MINI-N - 2007+,https://www.gravityperformance.co.uk/wp-content/uploads/2022/10/Grav_Spring.jpg,https://www.gravityperformance.co.uk/wp-content/uploads/2022/10/Grav_Spring.jpg,Main Image
156,Mini Countryman One | Cooper | Cooper D | Cooper S | Cooper SD | (2Wd) R60 – Lowering Springs – Front 40mm – Rear 40mm,GOODS,Lowering Springs,,,139.99,0,0.01,MINI COUNTRYMAN ONE/COOPER/COOPER D/COOPER S/COOPER SD | (2WD) - R60 - 06/2010+,https://www.gravityperformance.co.uk/wp-content/uploads/2022/10/Grav_Spring.jpg,https://www.gravityperformance.co.uk/wp-content/uploads/2022/10/Grav_Spring.jpg,Main Image
157,Vauxhall Insignia Sedan + Hatchback 2.0T | 2.0CDTI | 2.0CDTI BI-Power – 40mm Lowering Springs,GOODS,Lowering Springs,,,179.99,0,0.01,Vauxhall / Opel Insignia sedan + hatchback 2.0T / 2.0CDTI / 2.0CDTI BI-Power - 07/2008+ models,https://www.gravityperformance.co.uk/wp-content/uploads/2022/10/Grav_Spring.jpg,https://www.gravityperformance.co.uk/wp-content/uploads/2022/10/Grav_Spring.jpg,Main Image
158,Mercedes C-Class Station C280 | C300 | C350 | C180CDI | C200CDI | C220CDI W204 – Lowering Springs – Front 25mm – Rear 25mm,GOODS,Lowering Springs,,,199.99,0,0.01,C-CLASS STATION C280/C300/C350/C180CDi/C200CDi/C220CDi - W204 - 02/2007+,https://www.gravityperformance.co.uk/wp-content/uploads/2022/10/Grav_Spring.jpg,https://www.gravityperformance.co.uk/wp-content/uploads/2022/10/Grav_Spring.jpg,Main Image
159,Mazda MX5 1.6 | 1.8 Na | Nb – Lowering Springs – Front 45mm – Rear 45mm,GOODS,Lowering Springs,,,139.99,0,0.01,MAZDA MX5 1.6/1.8 - NA/NB - 09/1989 to 10/2005,https://www.gravityperformance.co.uk/wp-content/uploads/2022/10/Grav_Spring.jpg,https://www.gravityperformance.co.uk/wp-content/uploads/2022/10/Grav_Spring.jpg,Main Image
160,Mercedes A-Class A250 | A180CDI(1.8) | A200CDI | A220CDI W176 – Lowering Springs – Front 25mm – Rear 25mm,GOODS,Lowering Springs,,,159.99,0,0.01,A-CLASS A250/A180CDi(1.8)/A200CDi/A220CDi - W176 - 07/2012+,https://www.gravityperformance.co.uk/wp-content/uploads/2022/10/Grav_Spring.jpg,https://www.gravityperformance.co.uk/wp-content/uploads/2022/10/Grav_Spring.jpg,Main Image
161,Mercedes A-Class A250 | A180CDI(1.8) | A200CDI | A220CDI W176 – Lowering Springs – Front 35mm – Rear 35mm,GOODS,Lowering Springs,,,159.99,0,0.01,A-CLASS A250/A180CDi(1.8)/A200CDi/A220CDi - W176 - 07/2012+ Please Note: These lowering springs are not suitable for vehicles with factory sport suspension / AMG-sport Suspension,https://www.gravityperformance.co.uk/wp-content/uploads/2022/10/Grav_Spring.jpg,https://www.gravityperformance.co.uk/wp-content/uploads/2022/10/Grav_Spring.jpg,Main Image
162,Mercedes C-Class Sport Coupe C160 | C180 | C180Kompr. | C200Kompr | C230Kompr | C220CDI W203 – Lowering Springs – Front 20mm – Rear 20mm,GOODS,Lowering Springs,,,219.99,0,0.01,C-CLASS SPORT COUPE C160/C180/C180KOMPR./C200KOMPR/C230KOMPR/C220CDi - W203 - 03/2001 to 06/2011,https://www.gravityperformance.co.uk/wp-content/uploads/2022/10/Grav_Spring.jpg,https://www.gravityperformance.co.uk/wp-content/uploads/2022/10/Grav_Spring.jpg,Main Image
163,Mazda MX5 1.6 | 1.8 Na | Nb – Lowering Springs – Front 30mm – Rear 30mm,GOODS,Lowering Springs,,,169.99,0,0.01,MAZDA MX5 1.6/1.8 - NA/NB - 09/1989 to 10/2005,https://www.gravityperformance.co.uk/wp-content/uploads/2022/10/Grav_Spring.jpg,https://www.gravityperformance.co.uk/wp-content/uploads/2022/10/Grav_Spring.jpg,Main Image
164,Mercedes C-Class Coupe C350 | 220CDI | 250CDI C204 – Lowering Springs – Front 35mm – Rear 35mm,GOODS,Lowering Springs,,,199.99,0,0.01,C-CLASS COUPE C350/220CDi/250CDi - C204 - 06/2011+,https://www.gravityperformance.co.uk/wp-content/uploads/2022/10/Grav_Spring.jpg,https://www.gravityperformance.co.uk/wp-content/uploads/2022/10/Grav_Spring.jpg,Main Image
165,Lexus Is300H Hybrid – Lowering Springs – Front 30mm – Rear 25mm,GOODS,Lowering Springs,,,169.99,0,0.01,LEXUS IS 300H HYBRID - 04/2013+,https://www.gravityperformance.co.uk/wp-content/uploads/2022/10/Grav_Spring.jpg,https://www.gravityperformance.co.uk/wp-content/uploads/2022/10/Grav_Spring.jpg,Main Image
166,Mercedes A-Class A180CDI | A200 | A160CDI | A180CDI(1.5) W176 – Lowering Springs – Front 25mm – Rear 25mm,GOODS,Lowering Springs,,,159.99,0,0.01,A-CLASS A180CDi/A200/A160CDi/A180CDi(1.5) - W176 - 07/2012+,https://www.gravityperformance.co.uk/wp-content/uploads/2022/10/Grav_Spring.jpg,https://www.gravityperformance.co.uk/wp-content/uploads/2022/10/Grav_Spring.jpg,Main Image
167,Mazda Rx8 – Lowering Springs – Front 25mm – Rear 25mm,GOODS,Lowering Springs,,,169.99,0,0.01,MAZDA RX8 - 2003 to 06/2012,https://www.gravityperformance.co.uk/wp-content/uploads/2022/10/Grav_Spring.jpg,https://www.gravityperformance.co.uk/wp-content/uploads/2022/10/Grav_Spring.jpg,Main Image
168,Vauxhall Insignia Sedan + Hatchback 1.6 | 1.8 | 1.4T | 1.6T | 1.4T BI-Fuel 0G-A – Lowering Springs – Front 40mm – Rear 40mm,GOODS,Lowering Springs,,,179.99,0,0.01,OPEL/ VAUXHALL INSIGNIA SEDAN + HATCHBACK 1.6/1.8/1.4T/1.6T/1.4T BI-FUEL - 0G-A - 07/2008+,https://www.gravityperformance.co.uk/wp-content/uploads/2022/10/Grav_Spring.jpg,https://www.gravityperformance.co.uk/wp-content/uploads/2022/10/Grav_Spring.jpg,Main Image
169,Mercedes A-Class A180CDI | A200 | A160CDI | A180CDI(1.5) W176 – Lowering Springs – Front 35mm – Rear 35mm,GOODS,Lowering Springs,,,159.99,0,0.01,A-CLASS A180CDi/A200/A160CDi/A180CDi(1.5) - W176 - 07/2012+,https://www.gravityperformance.co.uk/wp-content/uploads/2022/10/Grav_Spring.jpg,https://www.gravityperformance.co.uk/wp-content/uploads/2022/10/Grav_Spring.jpg,Main Image
170,,,,,,,,,,,https://www.gravityperformance.co.uk/wp-content/uploads/2022/10/products-httpsi.ebayimg.comimagesgvboaaoswozpa30z4s-l1600.jpg,Gallery Image 1
171,BMW E46 M3 Coupe + Cabrio – Lowering Springs – Front 30mm Rear 20mm,GOODS,Lowering Springs,,,219.99,0,0.01,BMW M3 Coupe + Cabrio - E46 - 2000 to 12/2004,https://www.gravityperformance.co.uk/wp-content/uploads/2022/10/Grav_Spring.jpg,https://www.gravityperformance.co.uk/wp-content/uploads/2022/10/Grav_Spring.jpg,Main Image
172,Mercedes C-Class Sport Coupe C160 | C180 | C180Kompr. | C200Kompr | C230Kompr | C220CDI W203 – Lowering Springs – Front 30mm – Rear 20mm,GOODS,Lowering Springs,,,199.99,0,0.01,C-CLASS SPORT COUPE C160/C180/C180KOMPR./C200KOMPR/C230KOMPR/C220CDi - W203 - 03/2001 to 06/2011,https://www.gravityperformance.co.uk/wp-content/uploads/2022/10/Grav_Spring.jpg,https://www.gravityperformance.co.uk/wp-content/uploads/2022/10/Grav_Spring.jpg,Main Image
173,Range Rover Evoque 4WD 2.0 SI4 | 2.2 TD4 | 2.2 SD4 Lv – Lowering Springs – Front 35mm – Rear 35mm,GOODS,Lowering Springs,,,209.99,0,0.01,RANGE ROVER EVOQUE 4WD 2.0 SI4/2.2 TD4/2.2 SD4 - LV - 04/2011+,https://www.gravityperformance.co.uk/wp-content/uploads/2022/10/Grav_Spring.jpg,https://www.gravityperformance.co.uk/wp-content/uploads/2022/10/Grav_Spring.jpg,Main Image
174,Range Rover Evoque 4WD 2.0 SI4 | 2.2 TD4 | 2.2 SD4 Lv – Lowering Springs – Front 45mm – Rear 45mm,GOODS,Lowering Springs,,,209.99,0,0.01,RANGE ROVER EVOQUE 4WD 2.0 SI4/2.2 TD4/2.2 SD4 - LV - 04/2011+,https://www.gravityperformance.co.uk/wp-content/uploads/2022/10/Grav_Spring.jpg,https://www.gravityperformance.co.uk/wp-content/uploads/2022/10/Grav_Spring.jpg,Main Image
175,Mazda 3 Hatchback Mps Bl – Lowering Springs – Front 30mm – Rear 30mm,GOODS,Lowering Springs,,,169.99,0,0.01,MAZDA 3 HATCHBACK MPS - BL - 06/2009 to 2013,https://www.gravityperformance.co.uk/wp-content/uploads/2022/10/Grav_Spring.jpg,https://www.gravityperformance.co.uk/wp-content/uploads/2022/10/Grav_Spring.jpg,Main Image
176,BMW 3 Series Sedan 316I | 318I | 320I E90 – Lowering Springs – Front 45mm Rear 30mm,GOODS,Lowering Springs,,,179.99,0,0.01,BMW 3 Series Sedan 316i/318i/320i - E90 - 2005 to 02/2012,https://www.gravityperformance.co.uk/wp-content/uploads/2022/10/Grav_Spring.jpg,https://www.gravityperformance.co.uk/wp-content/uploads/2022/10/Grav_Spring.jpg,Main Image
177,Audi 80 | 90 Quattro + Coupe 6Cyl 89 – 35mm Lowering Springs,GOODS,Lowering Springs,,,199.99,0,0.01,Audi 80/90 Quattro + Coupe 6CYL. - 89 - 10/1986 to 01/1996,https://www.gravityperformance.co.uk/wp-content/uploads/2022/10/Grav_Spring.jpg,https://www.gravityperformance.co.uk/wp-content/uploads/2022/10/Grav_Spring.jpg,Main Image
178,BMW 3 Series Touring+Cabrio 330D E46 – Lowering Springs – Front 50mm Rear 40mm,GOODS,Lowering Springs,,,199.99,0,0.01,BMW 3 Touring+Cabrio 330D - E46 - 2000 to 12/2004,https://www.gravityperformance.co.uk/wp-content/uploads/2022/10/Grav_Spring.jpg,https://www.gravityperformance.co.uk/wp-content/uploads/2022/10/Grav_Spring.jpg,Main Image
179,BMW 5 Sedan 520I | 523I | 528I | 530I | 520D | 525TD | 525TDs E39 – Lowering Springs – Front 35mm – Rear 35mm,GOODS,Lowering Springs,,,199.99,0,0.01,BMW 5 SEDAN 520i/523i/528i/530i/520D/525TD/525TDS - E39 - 12/1995 to 06/2003,https://www.gravityperformance.co.uk/wp-content/uploads/2022/10/Grav_Spring.jpg,https://www.gravityperformance.co.uk/wp-content/uploads/2022/10/Grav_Spring.jpg,Main Image
180,BMW 6 628Csi+635Csi E24 – Lowering Springs – Front 35mm – Rear 35mm,GOODS,Lowering Springs,,,179.99,0,0.01,BMW 6 628CSI+635CSI - E24 - 06/1982 to 1990,https://www.gravityperformance.co.uk/wp-content/uploads/2022/10/Grav_Spring.jpg,https://www.gravityperformance.co.uk/wp-content/uploads/2022/10/Grav_Spring.jpg,Main Image
181,Audi 80 Avant 1.6 | 1.9 TDI | 2.0 4Cyl B4 – 40mm Lowering Springs,GOODS,Lowering Springs,,,199.99,0,0.01,Audi 80 Avant 1.6/1.9TDI/2.0 4CYL. - B4 - 09/1992 to 12/1995,https://www.gravityperformance.co.uk/wp-content/uploads/2022/10/Grav_Spring.jpg,https://www.gravityperformance.co.uk/wp-content/uploads/2022/10/Grav_Spring.jpg,Main Image
182,BMW Z4 Roadster 18I | 20I | 23I | 28I | 30I E89 – Lowering Springs – Front 30mm – Rear 25mm,GOODS,Lowering Springs,,,179.99,0,0.01,BMW Z4 ROADSTER 18i/20i/23i/28i/30i - E89 - 04/2009+,https://www.gravityperformance.co.uk/wp-content/uploads/2022/10/Grav_Spring.jpg,https://www.gravityperformance.co.uk/wp-content/uploads/2022/10/Grav_Spring.jpg,Main Image
183,BMW 5 Sedan 525D | 530D E39 – Lowering Springs – Front 40mm – Rear 40mm,GOODS,Lowering Springs,,,199.99,0,0.01,BMW 5 SEDAN 525D/530D - E39 - 12/1995 to 06/2003,https://www.gravityperformance.co.uk/wp-content/uploads/2022/10/Grav_Spring.jpg,https://www.gravityperformance.co.uk/wp-content/uploads/2022/10/Grav_Spring.jpg,Main Image
184,BMW 5 Sedan 550 F10 – Lowering Springs – Front 40mm – Rear 35mm,GOODS,Lowering Springs,,,199.99,0,0.01,BMW 5 SEDAN 550 - F10 - 03/2010+,https://www.gravityperformance.co.uk/wp-content/uploads/2022/10/Grav_Spring.jpg,https://www.gravityperformance.co.uk/wp-content/uploads/2022/10/Grav_Spring.jpg,Main Image
185,BMW 5 Sedan 520 | 523 | 528 | 530 | 518D | 520D F10 – Lowering Springs – Front 30mm – Rear 25mm,GOODS,Lowering Springs,,,199.99,0,0.01,BMW 5 SEDAN 520/523/528/530/518D/520D - F10 - 03/2010+,https://www.gravityperformance.co.uk/wp-content/uploads/2022/10/Grav_Spring.jpg,https://www.gravityperformance.co.uk/wp-content/uploads/2022/10/Grav_Spring.jpg,Main Image
186,BMW 3 Series Sedan+Coupe 330D E46 – Lowering Springs – Front 40mm – Rear 30mm,GOODS,Lowering Springs,,,199.99,0,0.01,BMW 3 Sedan+Coupe 330D - E46 - 2000 to 12/2004,https://www.gravityperformance.co.uk/wp-content/uploads/2022/10/Grav_Spring.jpg,https://www.gravityperformance.co.uk/wp-content/uploads/2022/10/Grav_Spring.jpg,Main Image
187,BMW 3 Series Coupe 335I | 330D E92 – Lowering Springs – Front 35mm – Rear 25mm,GOODS,Lowering Springs,,,199.99,0,0.01,BMW 3 COUPE 335i/330D - E92 - 06/2006 to 10/2013,https://www.gravityperformance.co.uk/wp-content/uploads/2022/10/Grav_Spring.jpg,https://www.gravityperformance.co.uk/wp-content/uploads/2022/10/Grav_Spring.jpg,Main Image
188,BMW 6 Coupe + Cabrio 630I E63 | E64 – Lowering Springs – Front 30mm – Rear 25mm,GOODS,Lowering Springs,,,199.99,0,0.01,BMW 6 COUPE + CABRIO 630i - E63/E64 - 2004 to 01/2011,https://www.gravityperformance.co.uk/wp-content/uploads/2022/10/Grav_Spring.jpg,https://www.gravityperformance.co.uk/wp-content/uploads/2022/10/Grav_Spring.jpg,Main Image
189,BMW 5 Sedan 535 | 525D | 530D | 535D F10 – Lowering Springs – Front 30mm – Rear 25mm,GOODS,Lowering Springs,,,199.99,0,0.01,BMW 5 SEDAN 535/525D/530D/535D - F10 - 03/2010+,https://www.gravityperformance.co.uk/wp-content/uploads/2022/10/Grav_Spring.jpg,https://www.gravityperformance.co.uk/wp-content/uploads/2022/10/Grav_Spring.jpg,Main Image
190,BMW Z3 Roadster + Coupe 6Cyl. – Lowering Springs – Front 30mm – Rear 30mm,GOODS,Lowering Springs,,,179.99,0,0.01,BMW Z3 ROADSTER + COUPE 6CYL. - 09/1998 to 01/2003,https://www.gravityperformance.co.uk/wp-content/uploads/2022/10/Grav_Spring.jpg,https://www.gravityperformance.co.uk/wp-content/uploads/2022/10/Grav_Spring.jpg,Main Image
191,BMW 5 Series Touring 525D | 530D | 535D | 545I | 550I E61 – Lowering Springs – Front 30mm,GOODS,Lowering Springs,,,149.99,0,0.01,BMW 5 TOURING 525D/530D/535D/545i/550i - E61 - 06/2004 to 05/2010,https://www.gravityperformance.co.uk/wp-content/uploads/2022/10/Grav_Spring.jpg,https://www.gravityperformance.co.uk/wp-content/uploads/2022/10/Grav_Spring.jpg,Main Image
192,BMW E36 M3 | B 3.2 – 25mm Lowering Springs,GOODS,Lowering Springs,,,179.99,0,0.01,BMW M3/B 3.2 - E36 - 04/1996 to 1998,https://www.gravityperformance.co.uk/wp-content/uploads/2022/10/Grav_Spring.jpg,https://www.gravityperformance.co.uk/wp-content/uploads/2022/10/Grav_Spring.jpg,Main Image
193,BMW 3 Series Coupe 335D E92 – Lowering Springs – Front 40mm – Rear 25mm,GOODS,Lowering Springs,,,199.99,0,0.01,BMW 3 COUPE 335D - E92 - 06/2006 to 10/2013,https://www.gravityperformance.co.uk/wp-content/uploads/2022/10/Grav_Spring.jpg,https://www.gravityperformance.co.uk/wp-content/uploads/2022/10/Grav_Spring.jpg,Main Image
194,BMW 5 Sedan 535 | 525D | 530D | 535D F10 – Lowering Springs – Front 40mm – Rear 35mm,GOODS,Lowering Springs,,,179.99,0,0.01,"A set of Front 40mm, Rear 35mm Lowering Springs for the BMW 5 Sedan 535 | 525D | 530D | 535D F10 is one of the easiest ways to significantly improve the looks and handling characteristics of your car. A simple, but hugely effective modification. Lowering your vehicles ride height reduces weight transfer under hard acceleration and braking, whilst also reducing body roll and drastically improving your cars visual appeal. Better still, Lowering Springs feature progressive rates, so you won't be forfeiting comfort in pursuit of performance. Our Springs offer: Lower Centre of Gravity | Improved looks | Progressive Spring Rates | Corrosion Resistant Red Coating | Excellent Value for Money | 5-Year Warranty.",https://www.gravityperformance.co.uk/wp-content/uploads/2019/02/DIRSP-01-SMALL.jpg,https://www.gravityperformance.co.uk/wp-content/uploads/2019/02/DIRSP-01-SMALL.jpg,Main Image
195,BMW Z4 Roadster + Coupe 2.2 | 2.5 | 3.0 E85 – Lowering Springs – Front 30mm – Rear 30mm,GOODS,Lowering Springs,,,179.99,0,0.01,BMW Z4 ROADSTER + COUPE 2.2/2.5/3.0 - Z85 - 2003 to 04/2009,https://www.gravityperformance.co.uk/wp-content/uploads/2022/10/Grav_Spring.jpg,https://www.gravityperformance.co.uk/wp-content/uploads/2022/10/Grav_Spring.jpg,Main Image
196,"BMW 7 725TDs | 728I | 730I | 735I | 740I | 750I (With Leveladjustment, Only Va) E38 – Lowering Springs – Front 35mm – Rear 35mm",GOODS,Lowering Springs,,,229.99,0,0.01,"BMW 7 725TDS/728i/730i/735i/740i/750i (with leveladjustment, only VA) - E38 - 06/1994 to 11/2001",https://www.gravityperformance.co.uk/wp-content/uploads/2022/10/Grav_Spring.jpg,https://www.gravityperformance.co.uk/wp-content/uploads/2022/10/Grav_Spring.jpg,Main Image
197,BMW Z3 M-Coupe – Lowering Springs – Front 30mm – Rear 30mm,GOODS,Lowering Springs,,,179.99,0,0.01,BMW Z3 M-COUPE - 08/1998 to 06/2003,https://www.gravityperformance.co.uk/wp-content/uploads/2022/10/Grav_Spring.jpg,https://www.gravityperformance.co.uk/wp-content/uploads/2022/10/Grav_Spring.jpg,Main Image
198,BMW Z3 M-Roadster Mr | C – Lowering Springs – Front 30mm – Rear 30mm,GOODS,Lowering Springs,,,179.99,0,0.01,BMW Z3 M-ROADSTER - MR/C - 1995 to 01/2003,https://www.gravityperformance.co.uk/wp-content/uploads/2022/10/Grav_Spring.jpg,https://www.gravityperformance.co.uk/wp-content/uploads/2022/10/Grav_Spring.jpg,Main Image
199,BMW 3 Series Touring+Cabrio 330D E46 – Lowering Springs – Front 40mm Rear 30mm,GOODS,Lowering Springs,,,179.99,0,0.01,BMW 3 Touring+Cabrio 330D - E46 - 2000 to 12/2004,https://www.gravityperformance.co.uk/wp-content/uploads/2022/10/Grav_Spring.jpg,https://www.gravityperformance.co.uk/wp-content/uploads/2022/10/Grav_Spring.jpg,Main Image
200,BMW 5 Touring 525D | 530D (With Airsuspension) E39 – Lowering Springs – Front 35mm,GOODS,Lowering Springs,,,149.99,0,0.01,BMW 5 TOURING 525D/530D (with airsuspension HA) - E39 - 03/1997 to 05/2004,https://www.gravityperformance.co.uk/wp-content/uploads/2022/10/Grav_Spring.jpg,https://www.gravityperformance.co.uk/wp-content/uploads/2022/10/Grav_Spring.jpg,Main Image
201,BMW 1 Series Hatchback 114 | 116 | 118 F20 – Lowering Springs – Front 25mm Rear 35mm,GOODS,Lowering Springs,,,169.99,0,0.01,BMW 1 Series Hatchback 114/116/118 - F20 - 09/2011+,https://www.gravityperformance.co.uk/wp-content/uploads/2022/10/Grav_Spring.jpg,https://www.gravityperformance.co.uk/wp-content/uploads/2022/10/Grav_Spring.jpg,Main Image
202,BMW 1 Series Coupe 135I E82 – 20mm Lowering Springs,GOODS,Lowering Springs,,,179.99,0,0.01,BMW 1 Series Coupe 135i - E82 - 10/2007 to 11/2013,https://www.gravityperformance.co.uk/wp-content/uploads/2022/10/Grav_Spring.jpg,https://www.gravityperformance.co.uk/wp-content/uploads/2022/10/Grav_Spring.jpg,Main Image
203,BMW 8 850 Ci E31 – Lowering Springs – Front 35mm – Rear 35mm,GOODS,Lowering Springs,,,229.99,0,0.01,BMW 8 850 Ci - E31 - 06/1990 to 12/1999,https://www.gravityperformance.co.uk/wp-content/uploads/2022/10/Grav_Spring.jpg,https://www.gravityperformance.co.uk/wp-content/uploads/2022/10/Grav_Spring.jpg,Main Image
204,BMW 3 Sedan 316I | 320I | 328I | 316D | 318D | 320D F30 – Lowering Springs – Front 30mm – Rear 30mm,GOODS,Lowering Springs,,,169.99,0,0.01,BMW 3 SEDAN 316i/320i/328i/316D/318D/320D - F30 - 01/2012+,https://www.gravityperformance.co.uk/wp-content/uploads/2022/10/Grav_Spring.jpg,https://www.gravityperformance.co.uk/wp-content/uploads/2022/10/Grav_Spring.jpg,Main Image
205,BMW M5 Sedan E39 – Lowering Springs – Front 30mm – Rear 30mm,GOODS,Lowering Springs,,,219.99,0,0.01,BMW M5 SEDAN - E39 - 1998+,https://www.gravityperformance.co.uk/wp-content/uploads/2022/10/Grav_Spring.jpg,https://www.gravityperformance.co.uk/wp-content/uploads/2022/10/Grav_Spring.jpg,Main Image
206,BMW 5 Series Sedan 524TD | 525TDs | 525I | 530I E34 – Lowering Springs – Front 50mm – Rear 35mm,GOODS,Lowering Springs,,,199.99,0,0.01,BMW 5H SEDAN 524TD/525TDS/525i/530i - E34 - 01/1988 to 12/1995,https://www.gravityperformance.co.uk/wp-content/uploads/2022/10/Grav_Spring.jpg,https://www.gravityperformance.co.uk/wp-content/uploads/2022/10/Grav_Spring.jpg,Main Image
207,BMW 1 Series Hatchback 125 | 114D | 116D | 118D | 120D F20 – Lowering Springs – Front 35mm Rear 45mm,GOODS,Lowering Springs,,,169.99,0,0.01,BMW 1 Series Hatchback 125/114D/116D/118D/120D - F20 - 09/2011+,https://www.gravityperformance.co.uk/wp-content/uploads/2022/10/Grav_Spring.jpg,https://www.gravityperformance.co.uk/wp-content/uploads/2022/10/Grav_Spring.jpg,Main Image
208,BMW 5 Touring 540I (With Airsuspension) E39 – Lowering Springs – Front 35mm,GOODS,Lowering Springs,,,149.99,0,0.01,BMW 5 TOURING 540i (with airsuspension HA) - E39 - 03/1997 to 05/2004,https://www.gravityperformance.co.uk/wp-content/uploads/2022/10/Grav_Spring.jpg,https://www.gravityperformance.co.uk/wp-content/uploads/2022/10/Grav_Spring.jpg,Main Image
209,BMW X3 3.0D E83 – Lowering Springs – Front 50mm – Rear 30mm,GOODS,Lowering Springs,,,179.99,0,0.01,BMW X3 3.0D - E83 - 2004 to 09/2010,https://www.gravityperformance.co.uk/wp-content/uploads/2022/10/Grav_Spring.jpg,https://www.gravityperformance.co.uk/wp-content/uploads/2022/10/Grav_Spring.jpg,Main Image
210,BMW 1 Series Hatchback 114 | 116 | 118 F20 – Lowering Springs – Front 35mm Rear 45mm,GOODS,Lowering Springs,,,169.99,0,0.01,BMW 1 Series Hatchback 114/116/118 - F20 - 09/2011+,https://www.gravityperformance.co.uk/wp-content/uploads/2022/10/Grav_Spring.jpg,https://www.gravityperformance.co.uk/wp-content/uploads/2022/10/Grav_Spring.jpg,Main Image
211,BMW 5 | 1 518 | 520 | I | Se | 524 | D | TD | 525I | 528I | 535I E28 – Lowering Springs – Front 45mm – Rear 35mm,GOODS,Lowering Springs,,,179.99,0,0.01,BMW 5/1 518/520/i/SE/524/D/TD/525i/528i/535i - E28 - 06/1981 to 12/1987,https://www.gravityperformance.co.uk/wp-content/uploads/2022/10/Grav_Spring.jpg,https://www.gravityperformance.co.uk/wp-content/uploads/2022/10/Grav_Spring.jpg,Main Image
212,BMW 3 Cabrio 325I | 320D E93 – Lowering Springs – Front 45mm – Rear 30mm,GOODS,Lowering Springs,,,199.99,0,0.01,BMW 3 CABRIO 325i/320D - E93 - 08/2006 to 12/2013,https://www.gravityperformance.co.uk/wp-content/uploads/2022/10/Grav_Spring.jpg,https://www.gravityperformance.co.uk/wp-content/uploads/2022/10/Grav_Spring.jpg,Main Image
213,BMW X5 4.4I | 4.6Is | 3.0D (With Airsuspension) E53 – Lowering Springs – Front 30mm,GOODS,Lowering Springs,,,159.99,0,0.01,BMW X5 4.4i/4.6iS/3.0D (with airsuspension HA) - E53 - 2000 to 02/2007,https://www.gravityperformance.co.uk/wp-content/uploads/2022/10/Grav_Spring.jpg,https://www.gravityperformance.co.uk/wp-content/uploads/2022/10/Grav_Spring.jpg,Main Image
214,BMW 3 Series 316 | 318 E30 – 60mm Lowering Springs,GOODS,Lowering Springs,,,179.99,0,0.01,BMW 3/1 316/318 - E30 - 11/1982 to 12/1990,https://www.gravityperformance.co.uk/wp-content/uploads/2022/10/Grav_Spring.jpg,https://www.gravityperformance.co.uk/wp-content/uploads/2022/10/Grav_Spring.jpg,Main Image
215,BMW Z1 89-91 – Lowering Springs – Front 25mm – Rear 25mm,GOODS,Lowering Springs,,,179.99,0,0.01,BMW Z1 (HA little fitting) - Z/B - 02/1991 to 1994,https://www.gravityperformance.co.uk/wp-content/uploads/2022/10/Grav_Spring.jpg,https://www.gravityperformance.co.uk/wp-content/uploads/2022/10/Grav_Spring.jpg,Main Image
216,BMW 3 Sedan 316I | 320I | 328I | 316D | 318D | 320D F30 – Lowering Springs – Front 40mm – Rear 40mm,GOODS,Lowering Springs,,,169.99,0,0.01,BMW 3 SEDAN 316i/320i/328i/316D/318D/320D - F30 - 01/2012+,https://www.gravityperformance.co.uk/wp-content/uploads/2022/10/Grav_Spring.jpg,https://www.gravityperformance.co.uk/wp-content/uploads/2022/10/Grav_Spring.jpg,Main Image
217,Audi A3 Sedan | Sportback 1.8 TFSI S-Tronic | 2.0TDI Multilink 8Vs | 8Va – 40mm Lowering Springs,GOODS,Lowering Springs,,,149.99,0,0.01,Audi A3 Sedan/Sportback 1.8TFSI S-Tronic/2.0TDI Multilink - 8VS/8VA - 09/2012+,https://www.gravityperformance.co.uk/wp-content/uploads/2022/10/Grav_Spring.jpg,https://www.gravityperformance.co.uk/wp-content/uploads/2022/10/Grav_Spring.jpg,Main Image
218,BMW X5 3.0D E53 – Lowering Springs – Front 30mm – Rear 30mm,GOODS,Lowering Springs,,,229.99,0,0.01,BMW X5 3.0D - E53 - 2001 to 02/2007,https://www.gravityperformance.co.uk/wp-content/uploads/2022/10/Grav_Spring.jpg,https://www.gravityperformance.co.uk/wp-content/uploads/2022/10/Grav_Spring.jpg,Main Image
219,BMW 5 Sedan 520D | 520I | 523I | 525I | 530I E60 – Lowering Springs – Front 30mm – Rear 30mm,GOODS,Lowering Springs,,,199.99,0,0.01,BMW 5 SEDAN 520D/520i/523i/525i/530i - E60 - 07/2003 to 03/2010,https://www.gravityperformance.co.uk/wp-content/uploads/2022/10/Grav_Spring.jpg,https://www.gravityperformance.co.uk/wp-content/uploads/2022/10/Grav_Spring.jpg,Main Image
220,BMW 3 Cabrio 325D | 330D E93 – Lowering Springs – Front 30mm – Rear 15mm,GOODS,Lowering Springs,,,199.99,0,0.01,BMW 3 CABRIO 325D/330D - E93 - 08/2006 to 12/2013,https://www.gravityperformance.co.uk/wp-content/uploads/2022/10/Grav_Spring.jpg,https://www.gravityperformance.co.uk/wp-content/uploads/2022/10/Grav_Spring.jpg,Main Image
221,BMW 5 Sedan 525D | 530D | 535D | 545I E60 – Lowering Springs – Front 30mm – Rear 30mm,GOODS,Lowering Springs,,,199.99,0,0.01,BMW 5 SEDAN 525D/530D/535D/545i - E60 - 07/2003 to 03/2010,https://www.gravityperformance.co.uk/wp-content/uploads/2022/10/Grav_Spring.jpg,https://www.gravityperformance.co.uk/wp-content/uploads/2022/10/Grav_Spring.jpg,Main Image
222,BMW Z4 Roadster 35I | 35Is E89 – Lowering Springs – Front 30mm – Rear 25mm,GOODS,Lowering Springs,,,179.99,0,0.01,BMW Z4 ROADSTER 35i/35is - E89 - 04/2009+,https://www.gravityperformance.co.uk/wp-content/uploads/2022/10/Grav_Spring.jpg,https://www.gravityperformance.co.uk/wp-content/uploads/2022/10/Grav_Spring.jpg,Main Image
223,BMW 3 Series Coupe 325I | 330I | 320D E92 – Lowering Springs – Front 35mm – Rear 25mm,GOODS,Lowering Springs,,,199.99,0,0.01,BMW 3 COUPE 325i/330i/320D - E90/E92 - 06/2006 to 10/2013,https://www.gravityperformance.co.uk/wp-content/uploads/2022/10/Grav_Spring.jpg,https://www.gravityperformance.co.uk/wp-content/uploads/2022/10/Grav_Spring.jpg,Main Image
224,Audi A4 Cabrio 1.8T | 2.0 TFSI | 2.4 | 3.0 | 2.0 TDI – Lowering Springs – Front 25mm – Rear 20mm,GOODS,Lowering Springs,,,219.99,0,0.01,Audi A4 Cabrio 1.8T/2.0TFSI/2.4/3.0/2.0TDI - 05/2002 to 2008,https://www.gravityperformance.co.uk/wp-content/uploads/2022/10/Grav_Spring.jpg,https://www.gravityperformance.co.uk/wp-content/uploads/2022/10/Grav_Spring.jpg,Main Image
225,Audi A3 1.8 | 1.8T | 1.9 TDI 90 | 100 | 110 | 130 Manual 8L – 30mm Lowering Springs,GOODS,Lowering Springs,,,199.99,0,0.01,Audi A3 1.8/1.8T/1.9TDI 90/100/110/130 manual - 8L - 08/1996 to 06/2003,https://www.gravityperformance.co.uk/wp-content/uploads/2022/10/Grav_Spring.jpg,https://www.gravityperformance.co.uk/wp-content/uploads/2022/10/Grav_Spring.jpg,Main Image
226,Audi A1 Hatchback 1.4TFSI (122PK | 140PK) Manual 8X – 30mm Lowering Springs,GOODS,Lowering Springs,,,159.99,0,0.01,Audi A1 Hatchback 1.4TFSI (122pk/140pk) Manual Gear - 8X - 05/2010+,https://www.gravityperformance.co.uk/wp-content/uploads/2022/10/Grav_Spring.jpg,https://www.gravityperformance.co.uk/wp-content/uploads/2022/10/Grav_Spring.jpg,Main Image
227,Audi A1 Hatchback 1.2Tfsi 8X – 20mm Lowering Springs,GOODS,Lowering Springs,,,159.99,0,0.01,Audi A1 Hatchback 1.2TFSI - 8X - 05/2010+,https://www.gravityperformance.co.uk/wp-content/uploads/2022/10/Grav_Spring.jpg,https://www.gravityperformance.co.uk/wp-content/uploads/2022/10/Grav_Spring.jpg,Main Image
228,Audi S4 + A4 2.7T S4 | B5 – Lowering Springs – Front 25mm – Rear 15mm,GOODS,Lowering Springs,,,199.99,0,0.01,Audi S4 + A4 2.7TT - S4 / B5 - 05/1998+,https://www.gravityperformance.co.uk/wp-content/uploads/2022/10/Grav_Spring.jpg,https://www.gravityperformance.co.uk/wp-content/uploads/2022/10/Grav_Spring.jpg,Main Image
229,Audi A1 Hatchback 1.6 TDI 8X – 35mm Lowering Springs,GOODS,Lowering Springs,,,159.99,0,0.01,Audi A1 Hatchback 1.6TDI - 8X - 05/2010+,https://www.gravityperformance.co.uk/wp-content/uploads/2022/10/Grav_Spring.jpg,https://www.gravityperformance.co.uk/wp-content/uploads/2022/10/Grav_Spring.jpg,Main Image
230,Audi A2 1.6 FSI | 1.4 TDI – 25mm Lowering Springs,GOODS,Lowering Springs,,,169.99,0,0.01,Audi A2 1.6FSI/1.4TDI - 06/2000 to 08/2005,https://www.gravityperformance.co.uk/wp-content/uploads/2022/10/Grav_Spring.jpg,https://www.gravityperformance.co.uk/wp-content/uploads/2022/10/Grav_Spring.jpg,Main Image
231,Audi A4 Sedan Quattro 3.0TDI B8 – Lowering Springs – Front 30mm – Rear 25mm,GOODS,Lowering Springs,,,219.99,0,0.01,Audi A4 Sedan Quattro 3.0TDI - B8 - 09/2009+,https://www.gravityperformance.co.uk/wp-content/uploads/2022/10/Grav_Spring.jpg,https://www.gravityperformance.co.uk/wp-content/uploads/2022/10/Grav_Spring.jpg,Main Image
232,Audi A3 2.0 TFSI | 2.0 TDI 8P – 30mm Lowering Springs,GOODS,Lowering Springs,,,179.99,0,0.01,Audi A3 2.0TFSI/2.0TDI - 8P - 2003 to 09/2012,https://www.gravityperformance.co.uk/wp-content/uploads/2022/10/Grav_Spring.jpg,https://www.gravityperformance.co.uk/wp-content/uploads/2022/10/Grav_Spring.jpg,Main Image
233,Audi A5 Coupe 1.8Tfsi | 2.0Tfsi | 2.0TDI | 3.2Fsi B8 – Lowering Springs – Front 25mm – Rear 20mm,GOODS,Lowering Springs,,,209.99,0,0.01,Audi A5 Coupe 1.8TFSI/2.0TFSI/2.0TDI/3.2FSI - B8 - 05/2007+,https://www.gravityperformance.co.uk/wp-content/uploads/2022/10/Grav_Spring.jpg,https://www.gravityperformance.co.uk/wp-content/uploads/2022/10/Grav_Spring.jpg,Main Image
234,Audi A3 1.4Tfsi | 1.8Tfsi | 2.0Fsi | 1.6TDI | 1.9TDI Sportback 8P – 30mm Lowering Springs,GOODS,Lowering Springs,,,179.99,0,0.01,Audi A3 1.4TFSI/1.8TFSI/2.0FSI/1.6TDI/1.9TDI Sportback - 8P - 2004 to 09/2012,https://www.gravityperformance.co.uk/wp-content/uploads/2022/10/Grav_Spring.jpg,https://www.gravityperformance.co.uk/wp-content/uploads/2022/10/Grav_Spring.jpg,Main Image
235,Audi A6 Sedan Quattro 2.6 | 2.8 + S4 | S6 C4 – 35mm Lowering Springs,GOODS,Lowering Springs,,,179.99,0,0.01,Audi A6 Sedan Quattro 2.6/2.8 + S4/S6 - C4 - 1994 to 10/1997,https://www.gravityperformance.co.uk/wp-content/uploads/2022/10/Grav_Spring.jpg,https://www.gravityperformance.co.uk/wp-content/uploads/2022/10/Grav_Spring.jpg,Main Image
236,,,,,,,,,,,https://www.gravityperformance.co.uk/wp-content/uploads/2022/10/products-springs_rear_front.jpg,Gallery Image 1
237,Audi A3 2.0 TFSI | 2.0 TDI Sportback 8P – 30mm Lowering Springs,GOODS,Lowering Springs,,,179.99,0,0.01,Audi A3 2.0TFSI/2.0TDI SPORTBACK - 8P - 2004 to 09/2012,https://www.gravityperformance.co.uk/wp-content/uploads/2022/10/Grav_Spring.jpg,https://www.gravityperformance.co.uk/wp-content/uploads/2022/10/Grav_Spring.jpg,Main Image
238,Audi A3 2.0 TFSI | 2.0 TDI Sportback With Sportsuspension + S-Line 8P – 25mm Lowering Springs,GOODS,Lowering Springs,,,179.99,0,0.01,Audi A3 2.0TFSI/2.0TDI Sportback with sportsuspension + s-line - 8P - 2004 to 01/2013,https://www.gravityperformance.co.uk/wp-content/uploads/2022/10/Grav_Spring.jpg,https://www.gravityperformance.co.uk/wp-content/uploads/2022/10/Grav_Spring.jpg,Main Image
239,Audi Q5 Quattro 3.0 TFSI | 3.0 TDI – 35mm Lowering Springs,GOODS,Lowering Springs,,,229.99,0,0.01,Audi Q5 Quattro 3.0TFSI/3.0TDI - 11/2008+,https://www.gravityperformance.co.uk/wp-content/uploads/2022/10/Grav_Spring.jpg,https://www.gravityperformance.co.uk/wp-content/uploads/2022/10/Grav_Spring.jpg,Main Image
240,Audi A6 Quattro 4.2 | 2.7 TDI | 3.0 TDI 4F – 30mm Lowering Springs,GOODS,Lowering Springs,,,239.99,0,0.01,Audi A6 Quattro 4.2/2.7TDI/3.0TDI - 4F - 2004 to 03/2011,https://www.gravityperformance.co.uk/wp-content/uploads/2022/10/Grav_Spring.jpg,https://www.gravityperformance.co.uk/wp-content/uploads/2022/10/Grav_Spring.jpg,Main Image
241,Alfa Brera 1.8TBI | 2.2JTS 939 – Lowering Springs – Front 35mm Rear 25mm,GOODS,Lowering Springs,,,209.99,0,0.01,Alfa Brera 1.8TBI/2.2jTS - 939 - 2006 to 01/2011,https://www.gravityperformance.co.uk/wp-content/uploads/2022/10/Grav_Spring.jpg,https://www.gravityperformance.co.uk/wp-content/uploads/2022/10/Grav_Spring.jpg,Main Image
242,Audi A5 Coupe Quattro 3.0 TDI | 3.0 TFSI | 4.2 FSI B8 – 30mm Lowering Springs,GOODS,Lowering Springs,,,219.99,0,0.01,Audi A5 Coupe Quattro 3.0TDI/3.0TFSI/4.2FSI - B8 - 05/2007+,https://www.gravityperformance.co.uk/wp-content/uploads/2022/10/Grav_Spring.jpg,https://www.gravityperformance.co.uk/wp-content/uploads/2022/10/Grav_Spring.jpg,Main Image
243,Audi A8 6+8Cyl (Incl. Quattro) D2 – 30mm Lowering Springs,GOODS,Lowering Springs,,,169.99,0,0.01,Audi A8 6+8CYL (INCL. Quattro) - D2 - 06/1994 to 09/2002,https://www.gravityperformance.co.uk/wp-content/uploads/2022/10/Grav_Spring.jpg,https://www.gravityperformance.co.uk/wp-content/uploads/2022/10/Grav_Spring.jpg,Main Image
244,Audi A3 1.4 TFSI | 1.8 TFSI | 2.0 FSI | 1.6 TDI | 1.9 TDI With Sportsuspension + S-Line 8P – 25mm Lowering Springs,GOODS,Lowering Springs,,,169.99,0,0.01,Audi A3 1.4TFSI/1.8TFSI/2.0FSI/1.6TDI/1.9TDI with sportsuspension + s-line - 8P - 2003 to 09/2012,https://www.gravityperformance.co.uk/wp-content/uploads/2022/10/Grav_Spring.jpg,https://www.gravityperformance.co.uk/wp-content/uploads/2022/10/Grav_Spring.jpg,Main Image
245,Alfa 156 1.6 | 1.8 | 2.0 Twinspark | 1.9Jtd 4Cyl Sportwagon 932 – 40mm Lowering Springs,GOODS,Lowering Springs,,,199.99,0,0.01,Alfa 156 1.6/1.8/2.0 TWINSPARK/1.9jTD 4CYL. SPORTWAGON - 932 - 10/1997 to 05/2006,https://www.gravityperformance.co.uk/wp-content/uploads/2022/10/Grav_Spring.jpg,https://www.gravityperformance.co.uk/wp-content/uploads/2022/10/Grav_Spring.jpg,Main Image
246,,,,,,,,,,,https://www.gravityperformance.co.uk/wp-content/uploads/2022/10/products-before_and_after_web_small_1.jpg,Gallery Image 1
247,,,,,,,,,,,https://www.gravityperformance.co.uk/wp-content/uploads/2022/10/products-before_and_after_web_small_1-1.jpg,Gallery Image 2
248,Alfa Brera 3.2JTS V6 | 2.0JTDM | 2.4JTDM 939 – Lowering Springs – Front 35mm – Rear 25mm,GOODS,Lowering Springs,,,209.99,0,0.01,Fitment ALFA BRERA 3.2jTS V6/2.0jTDM/2.4jTDM - 939 - 2006 to 01/2011,https://www.gravityperformance.co.uk/wp-content/uploads/2022/10/Grav_Spring.jpg,https://www.gravityperformance.co.uk/wp-content/uploads/2022/10/Grav_Spring.jpg,Main Image
249,,,,,,,,,,,https://www.gravityperformance.co.uk/wp-content/uploads/2022/10/products-httpsi.ebayimg.comimagesgvboaaoswozpa30z4s-l1600-1.jpg,Gallery Image 1
250,Alfa Giulietta 1.4Turbo | 1.4Turbo Multiair 940 – 30mm Lowering Springs,GOODS,Lowering Springs,,,169.99,0,0.01,Alfa Giulietta 1.4 Turbo/1.4 Turbo Multiair - 940 - 06/2010+,https://www.gravityperformance.co.uk/wp-content/uploads/2022/10/Grav_Spring.jpg,https://www.gravityperformance.co.uk/wp-content/uploads/2022/10/Grav_Spring.jpg,Main Image
251,Audi A3 Quattro 2.0 TFSI | 2.0 TDI – 25mm Lowering Springs,GOODS,Lowering Springs,,,169.99,0,0.01,Audi A3 Quattro 2.0TFSI/2.0TDI - 2003 to 09/2012,https://www.gravityperformance.co.uk/wp-content/uploads/2022/10/Grav_Spring.jpg,https://www.gravityperformance.co.uk/wp-content/uploads/2022/10/Grav_Spring.jpg,Main Image
252,Alfa 159 Sportwagon 1.9JTS | 2.2JTS | 1.9JTDM | 2.0JTDM | 1.8MPI | 1.8TBI 939 – Lowering Springs – Front 25mm Rear 20mm,GOODS,Lowering Springs,,,199.99,0,0.01,Alfa 159 SPORTWAGON 1.9jTS/2.2jTS/1.9jTDM/2.0jTDM/1.8MPI/1.8TBI - 939 - 2006 to 01/2013,https://www.gravityperformance.co.uk/wp-content/uploads/2022/10/Grav_Spring.jpg,https://www.gravityperformance.co.uk/wp-content/uploads/2022/10/Grav_Spring.jpg,Main Image
253,Alfa 147 1.6 | 2.0 | 1.9Jtd 937 – Lowering Springs – Front 45mm Rear 40mm,GOODS,Lowering Springs,,,199.99,0,0.01,Alfa 147 1.6/2.0/1.9jTD - 937 - 11/2000 to 06/2010,https://www.gravityperformance.co.uk/wp-content/uploads/2022/10/Grav_Spring.jpg,https://www.gravityperformance.co.uk/wp-content/uploads/2022/10/Grav_Spring.jpg,Main Image
254,Alfa 159 2.4JTDM 939 – Lowering Springs – Front 25mm Rear 20mm,GOODS,Lowering Springs,,,199.99,0,0.01,Alfa 159 2.4jTDM - 939 - 2005 to 10/2012,https://www.gravityperformance.co.uk/wp-content/uploads/2022/10/Grav_Spring.jpg,https://www.gravityperformance.co.uk/wp-content/uploads/2022/10/Grav_Spring.jpg,Main Image
255,Alfa 159 2.4JTDM 939 – Lowering Springs – Front 35mm Rear 30mm,GOODS,Lowering Springs,,,169.99,0,0.01,Alfa 159 2.4jTDM - 939 - 2005 to 10/2012,https://www.gravityperformance.co.uk/wp-content/uploads/2022/10/Grav_Spring.jpg,https://www.gravityperformance.co.uk/wp-content/uploads/2022/10/Grav_Spring.jpg,Main Image
256,Alfa 159 3.2JTS V6 Q4 939 – 25mm Lowering Springs,GOODS,Lowering Springs,,,199.99,0,0.01,Alfa 159 3.2jTS V6 Q4 - 939 - 2005 to 10/2012,https://www.gravityperformance.co.uk/wp-content/uploads/2022/10/Grav_Spring.jpg,https://www.gravityperformance.co.uk/wp-content/uploads/2022/10/Grav_Spring.jpg,Main Image
257,Audi TT Quattro Coupe + Roadster 1.8T 8N – 25mm Lowering Springs,GOODS,Lowering Springs,,,149.99,0,0.01,Audi TT Quattro Coupe + Roadster 1.8T - 8N - 10/1998 to 06/2006,https://www.gravityperformance.co.uk/wp-content/uploads/2022/10/Grav_Spring.jpg,https://www.gravityperformance.co.uk/wp-content/uploads/2022/10/Grav_Spring.jpg,Main Image
258,Alfa 159 Sportwagon 2.4JTDM 939 – Lowering Springs – Front 25mm Rear 20mm,GOODS,Lowering Springs,,,199.99,0,0.01,Alfa 159 SPORTWAGON 2.4jTDM - 939 - 2006 to 01/2013,https://www.gravityperformance.co.uk/wp-content/uploads/2022/10/Grav_Spring.jpg,https://www.gravityperformance.co.uk/wp-content/uploads/2022/10/Grav_Spring.jpg,Main Image
259,,,,,,,,,,,https://www.gravityperformance.co.uk/wp-content/uploads/2022/10/products-httpsi.ebayimg.comimagesgvboaaoswozpa30z4s-l1600-1.jpg,Gallery Image 1
260,Alfa 155 Q4  – 50mm Lowering Springs,GOODS,Lowering Springs,,,209.99,0,0.01,Alfa 155 Q4 - 03/1992 to 10/1997,https://www.gravityperformance.co.uk/wp-content/uploads/2022/10/Grav_Spring.jpg,https://www.gravityperformance.co.uk/wp-content/uploads/2022/10/Grav_Spring.jpg,Main Image